{
   "providers":[
      {
         "file":"char/black.png",
         "chars":[
            ""
         ],
         "height":1,
         "ascent":-5000,
         "type":"bitmap"
      },
      {
         "file":"char/black.png",
         "chars":[
            ""
         ],
         "height":2,
         "ascent":-5000,
         "type":"bitmap"
      },
      {
         "file":"char/black.png",
         "chars":[
            ""
         ],
         "height":3,
         "ascent":-5000,
         "type":"bitmap"
      },
      {
         "file":"char/black.png",
         "chars":[
            ""
         ],
         "height":4,
         "ascent":-5000,
         "type":"bitmap"
      },
      {
         "file":"char/black.png",
         "chars":[
            ""
         ],
         "height":5,
         "ascent":-5000,
         "type":"bitmap"
      },
      {
         "file":"char/black.png",
         "chars":[
            ""
         ],
         "height":6,
         "ascent":-5000,
         "type":"bitmap"
      },
      {
         "file":"char/black.png",
         "chars":[
            ""
         ],
         "height":7,
         "ascent":-5000,
         "type":"bitmap"
      },
      {
         "file":"char/black.png",
         "chars":[
            ""
         ],
         "height":15,
         "ascent":-5000,
         "type":"bitmap"
      },
      {
         "file":"char/black.png",
         "chars":[
            ""
         ],
         "height":31,
         "ascent":-5000,
         "type":"bitmap"
      },
      {
         "file":"char/black.png",
         "chars":[
            ""
         ],
         "height":63,
         "ascent":-5000,
         "type":"bitmap"
      },
      {
         "file":"char/black.png",
         "chars":[
            ""
         ],
         "height":127,
         "ascent":-5000,
         "type":"bitmap"
      },
      {
         "file":"char/black.png",
         "chars":[
            ""
         ],
         "height":256,
         "ascent":-5000,
         "type":"bitmap"
      },
      {
         "file":"char/black.png",
         "chars":[
            ""
         ],
         "height":512,
         "ascent":-5000,
         "type":"bitmap"
      },
      {
         "file":"char/black.png",
         "chars":[
            ""
         ],
         "height":1024,
         "ascent":-5000,
         "type":"bitmap"
      },
      {
         "file":"char/black.png",
         "chars":[
            ""
         ],
         "height":-3,
         "ascent":-5000,
         "type":"bitmap"
      },
      {
         "file":"char/black.png",
         "chars":[
            ""
         ],
         "height":-4,
         "ascent":-5000,
         "type":"bitmap"
      },
      {
         "file":"char/black.png",
         "chars":[
            ""
         ],
         "height":-5,
         "ascent":-5000,
         "type":"bitmap"
      },
      {
         "file":"char/black.png",
         "chars":[
            ""
         ],
         "height":-6,
         "ascent":-5000,
         "type":"bitmap"
      },
      {
         "file":"char/black.png",
         "chars":[
            ""
         ],
         "height":-7,
         "ascent":-5000,
         "type":"bitmap"
      },
      {
         "file":"char/black.png",
         "chars":[
            ""
         ],
         "height":-8,
         "ascent":-5000,
         "type":"bitmap"
      },
      {
         "file":"char/black.png",
         "chars":[
            ""
         ],
         "height":-9,
         "ascent":-5000,
         "type":"bitmap"
      },
      {
         "file":"char/black.png",
         "chars":[
            ""
         ],
         "height":-10,
         "ascent":-5000,
         "type":"bitmap"
      },
      {
         "file":"char/black.png",
         "chars":[
            ""
         ],
         "height":-18,
         "ascent":-5000,
         "type":"bitmap"
      },
      {
         "file":"char/black.png",
         "chars":[
            ""
         ],
         "height":-34,
         "ascent":-5000,
         "type":"bitmap"
      },
      {
         "file":"char/black.png",
         "chars":[
            ""
         ],
         "height":-66,
         "ascent":-5000,
         "type":"bitmap"
      },
      {
         "file":"char/black.png",
         "chars":[
            ""
         ],
         "height":-130,
         "ascent":-5000,
         "type":"bitmap"
      },
      {
         "file":"char/black.png",
         "chars":[
            ""
         ],
         "height":-259,
         "ascent":-5000,
         "type":"bitmap"
      },
      {
         "file":"char/black.png",
         "chars":[
            ""
         ],
         "height":-515,
         "ascent":-5000,
         "type":"bitmap"
      },
      {
         "file":"char/black.png",
         "chars":[
            ""
         ],
         "height":-1027,
         "ascent":-5000,
         "type":"bitmap"
      },
        {
            "type": "bitmap",
            "file": "minewave:ui/logo_1.png",
            "ascent": 34,
            "height": 70,
            "chars": [
                "\uE100"
            ]
        },
        {
            "type": "bitmap",
            "file": "minewave:ui/logo_2.png",
            "ascent": 34,
            "height": 70,
            "chars": [
                "\uE101"
            ]
        },
        {
            "type": "bitmap",
            "file": "minewave:ui/logo_3.png",
            "ascent": 34,
            "height": 70,
            "chars": [
                "\uE102"
            ]
        },
        {
            "type": "bitmap",
            "file": "minewave:ui/logo_4.png",
            "ascent": 34,
            "height": 70,
            "chars": [
                "\uE103"
            ]
        },
      {
         "type":"bitmap",
         "file":"space:font/space_split.png",
         "ascent":-65536,
         "height":-32770,
         "chars":[
            ""
         ]
      },
      {
         "type":"bitmap",
         "file":"space:font/space_split.png",
         "ascent":-32768,
         "height":0,
         "chars":[
            ""
         ]
      },
      {
         "type":"bitmap",
         "file":"space:font/space_split.png",
         "ascent":-65536,
         "height":32767,
         "chars":[
            ""
         ]
      },
      {
         "type":"bitmap",
         "file":"space:font/space_nosplit.png",
         "ascent":-32768,
         "height":-3,
         "chars":[
            ""
         ]
      },
      {
         "type":"bitmap",
         "file":"space:font/space_nosplit.png",
         "ascent":-32768,
         "height":-4,
         "chars":[
            ""
         ]
      },
      {
         "type":"bitmap",
         "file":"space:font/space_nosplit.png",
         "ascent":-32768,
         "height":-5,
         "chars":[
            ""
         ]
      },
      {
         "type":"bitmap",
         "file":"space:font/space_nosplit.png",
         "ascent":-32768,
         "height":-6,
         "chars":[
            ""
         ]
      },
      {
         "type":"bitmap",
         "file":"space:font/space_nosplit.png",
         "ascent":-32768,
         "height":-7,
         "chars":[
            ""
         ]
      },
      {
         "type":"bitmap",
         "file":"space:font/space_nosplit.png",
         "ascent":-32768,
         "height":-8,
         "chars":[
            ""
         ]
      },
      {
         "type":"bitmap",
         "file":"space:font/space_nosplit.png",
         "ascent":-32768,
         "height":-9,
         "chars":[
            ""
         ]
      },
      {
         "type":"bitmap",
         "file":"space:font/space_nosplit.png",
         "ascent":-32768,
         "height":-10,
         "chars":[
            ""
         ]
      },
      {
         "type":"bitmap",
         "file":"space:font/space_nosplit.png",
         "ascent":-32768,
         "height":-18,
         "chars":[
            ""
         ]
      },
      {
         "type":"bitmap",
         "file":"space:font/space_nosplit.png",
         "ascent":-32768,
         "height":-34,
         "chars":[
            ""
         ]
      },
      {
         "type":"bitmap",
         "file":"space:font/space_nosplit.png",
         "ascent":-32768,
         "height":-66,
         "chars":[
            ""
         ]
      },
      {
         "type":"bitmap",
         "file":"space:font/space_nosplit.png",
         "ascent":-32768,
         "height":-130,
         "chars":[
            ""
         ]
      },
      {
         "type":"bitmap",
         "file":"space:font/space_nosplit.png",
         "ascent":-32768,
         "height":-258,
         "chars":[
            ""
         ]
      },
      {
         "type":"bitmap",
         "file":"space:font/space_nosplit.png",
         "ascent":-32768,
         "height":-514,
         "chars":[
            ""
         ]
      },
      {
         "type":"bitmap",
         "file":"space:font/space_nosplit.png",
         "ascent":-32768,
         "height":-1026,
         "chars":[
            ""
         ]
      },
      {
         "type":"bitmap",
         "file":"space:font/space_nosplit.png",
         "ascent":-65536,
         "height":-32770,
         "chars":[
            ""
         ]
      },
      {
         "type":"bitmap",
         "file":"space:font/space_nosplit.png",
         "ascent":-32768,
         "height":0,
         "chars":[
            ""
         ]
      },
      {
         "type":"bitmap",
         "file":"space:font/space_nosplit.png",
         "ascent":-32768,
         "height":1,
         "chars":[
            ""
         ]
      },
      {
         "type":"bitmap",
         "file":"space:font/space_nosplit.png",
         "ascent":-32768,
         "height":2,
         "chars":[
            ""
         ]
      },
      {
         "type":"bitmap",
         "file":"space:font/space_nosplit.png",
         "ascent":-32768,
         "height":3,
         "chars":[
            ""
         ]
      },
      {
         "type":"bitmap",
         "file":"space:font/space_nosplit.png",
         "ascent":-32768,
         "height":4,
         "chars":[
            ""
         ]
      },
      {
         "type":"bitmap",
         "file":"space:font/space_nosplit.png",
         "ascent":-32768,
         "height":5,
         "chars":[
            ""
         ]
      },
      {
         "type":"bitmap",
         "file":"space:font/space_nosplit.png",
         "ascent":-32768,
         "height":6,
         "chars":[
            ""
         ]
      },
      {
         "type":"bitmap",
         "file":"space:font/space_nosplit.png",
         "ascent":-32768,
         "height":7,
         "chars":[
            ""
         ]
      },
      {
         "type":"bitmap",
         "file":"space:font/space_nosplit.png",
         "ascent":-32768,
         "height":15,
         "chars":[
            ""
         ]
      },
      {
         "type":"bitmap",
         "file":"space:font/space_nosplit.png",
         "ascent":-32768,
         "height":31,
         "chars":[
            ""
         ]
      },
      {
         "type":"bitmap",
         "file":"space:font/space_nosplit.png",
         "ascent":-32768,
         "height":63,
         "chars":[
            ""
         ]
      },
      {
         "type":"bitmap",
         "file":"space:font/space_nosplit.png",
         "ascent":-32768,
         "height":127,
         "chars":[
            ""
         ]
      },
      {
         "type":"bitmap",
         "file":"space:font/space_nosplit.png",
         "ascent":-32768,
         "height":255,
         "chars":[
            ""
         ]
      },
      {
         "type":"bitmap",
         "file":"space:font/space_nosplit.png",
         "ascent":-32768,
         "height":511,
         "chars":[
            ""
         ]
      },
      {
         "type":"bitmap",
         "file":"space:font/space_nosplit.png",
         "ascent":-32768,
         "height":1023,
         "chars":[
            ""
         ]
      },
      {
         "type":"bitmap",
         "file":"space:font/space_nosplit.png",
         "ascent":-65536,
         "height":32767,
         "chars":[
            ""
         ]
      }
   ]
}