{"credit":"Made with Blockbench","texture_size":[64,64],"textures":{"0":"minewave:item/cosmetics/christmas_hats/nutcracker_hat_texture","particle":"minewave:item/cosmetics/christmas_hats/nutcracker_hat_texture"},"elements":[{"from":[4,8,4],"to":[12,16,12],"rotation":{"angle":0,"axis":"y","origin":[3,8,4]},"faces":{"north":{"uv":[0,3.25,2,5.25],"texture":"#0"},"east":{"uv":[2.25,3.25,4.25,5.25],"texture":"#0"},"south":{"uv":[4.5,3.25,6.5,5.25],"texture":"#0"},"west":{"uv":[0,5.5,2,7.5],"texture":"#0"},"up":{"uv":[7.5,2,5.5,0],"texture":"#0"},"down":{"uv":[4.25,5.5,2.25,7.5],"texture":"#0"}}},{"from":[3,7,1],"to":[13,8,13],"rotation":{"angle":0,"axis":"y","origin":[3,7,4]},"faces":{"north":{"uv":[8.5,4.75,11,5],"texture":"#0"},"east":{"uv":[7.75,3.75,10.75,4],"texture":"#0"},"south":{"uv":[8.5,5.25,11,5.5],"texture":"#0"},"west":{"uv":[8.5,4.25,11.5,4.5],"texture":"#0"},"up":{"uv":[2.5,3,0,0],"texture":"#0"},"down":{"uv":[5.25,0,2.75,3],"texture":"#0"}}},{"from":[3.5,0,6.75],"to":[3.5,8,8.75],"rotation":{"angle":22.5,"axis":"x","origin":[3.5,7,7.75]},"faces":{"north":{"uv":[2,10.25,2,12.25],"texture":"#0"},"east":{"uv":[2.5,7.75,3,9.75],"texture":"#0"},"south":{"uv":[2.25,10.25,2.25,12.25],"texture":"#0"},"west":{"uv":[3.25,7.75,3.75,9.75],"texture":"#0"},"up":{"uv":[10.25,2.25,10.25,1.75],"texture":"#0"},"down":{"uv":[10.25,2.5,10.25,3],"texture":"#0"}}},{"from":[12.5,0,6.75],"to":[12.5,8,8.75],"rotation":{"angle":22.5,"axis":"x","origin":[12.5,7,7.75]},"faces":{"north":{"uv":[4,10.25,4,12.25],"texture":"#0"},"east":{"uv":[6.5,7.75,7,9.75],"texture":"#0"},"south":{"uv":[4.25,10.25,4.25,12.25],"texture":"#0"},"west":{"uv":[4,8,4.5,10],"texture":"#0"},"up":{"uv":[4.5,10.75,4.5,10.25],"texture":"#0"},"down":{"uv":[4.75,10.25,4.75,10.75],"texture":"#0"}}},{"from":[3.5,0,6.75],"to":[12.5,0,8.75],"rotation":{"angle":22.5,"axis":"x","origin":[3.25,7,7.75]},"faces":{"north":{"uv":[10.25,3.25,12.5,3.25],"texture":"#0"},"east":{"uv":[5.5,3,6,3],"texture":"#0"},"south":{"uv":[10.25,3.5,12.5,3.5],"texture":"#0"},"west":{"uv":[6.75,5.25,7.25,5.25],"texture":"#0"},"up":{"uv":[2.25,8.25,0,7.75],"texture":"#0"},"down":{"uv":[10,0,7.75,0.5],"texture":"#0"}}},{"from":[6.5,8.25,3.75],"to":[9.5,16.25,3.75],"rotation":{"angle":0,"axis":"y","origin":[3,10.25,3.75]},"faces":{"north":{"uv":[6.5,5.5,7.25,7.5],"texture":"#0"},"east":{"uv":[5,10.25,5,12.25],"texture":"#0"},"south":{"uv":[6.75,2.25,7.5,4.25],"texture":"#0"},"west":{"uv":[5.25,10.25,5.25,12.25],"texture":"#0"},"up":{"uv":[10.75,10.25,10,10.25],"texture":"#0"},"down":{"uv":[11.25,0,10.5,0],"texture":"#0"}}},{"from":[3.5,8.25,3.75],"to":[6.5,10.25,3.75],"rotation":{"angle":0,"axis":"y","origin":[0,10.25,3.75]},"faces":{"north":{"uv":[5.5,2.25,6.25,2.75],"texture":"#0"},"east":{"uv":[5.5,10.25,5.5,10.75],"texture":"#0"},"south":{"uv":[4.75,8,5.5,8.5],"texture":"#0"},"west":{"uv":[5.75,10.25,5.75,10.75],"texture":"#0"},"up":{"uv":[11.25,0.25,10.5,0.25],"texture":"#0"},"down":{"uv":[11.25,0.5,10.5,0.5],"texture":"#0"}}},{"from":[3.5,8.25,3.75],"to":[3.5,10.25,12.25],"rotation":{"angle":0,"axis":"y","origin":[0,10.25,3.75]},"faces":{"north":{"uv":[6,10.25,6,10.75],"texture":"#0"},"east":{"uv":[7.75,0.75,10,1.25],"texture":"#0"},"south":{"uv":[10.5,1.75,10.5,2.25],"texture":"#0"},"west":{"uv":[7.75,1.5,10,2],"texture":"#0"},"up":{"uv":[7.25,12.75,7.25,10.5],"texture":"#0"},"down":{"uv":[7.5,10.5,7.5,12.75],"texture":"#0"}}},{"from":[12.5,8.25,3.75],"to":[12.5,10.25,12.25],"rotation":{"angle":0,"axis":"y","origin":[16,10.25,3.75]},"faces":{"north":{"uv":[10.5,2.5,10.5,3],"texture":"#0"},"east":{"uv":[7.75,2.25,10,2.75],"texture":"#0"},"south":{"uv":[7.75,10.5,7.75,11],"texture":"#0"},"west":{"uv":[7.75,3,10,3.5],"texture":"#0"},"up":{"uv":[10,12.75,10,10.5],"texture":"#0"},"down":{"uv":[10.25,10.5,10.25,12.75],"texture":"#0"}}},{"from":[9.5,8.25,3.75],"to":[12.5,10.25,3.75],"rotation":{"angle":0,"axis":"y","origin":[6,10.25,3.75]},"faces":{"north":{"uv":[8.5,7.25,9.25,7.75],"texture":"#0"},"east":{"uv":[10.5,10.5,10.5,11],"texture":"#0"},"south":{"uv":[8.5,8,9.25,8.5],"texture":"#0"},"west":{"uv":[0,10.75,0,11.25],"texture":"#0"},"up":{"uv":[11.25,0.75,10.5,0.75],"texture":"#0"},"down":{"uv":[11.25,1,10.5,1],"texture":"#0"}}},{"from":[9.5,8.25,12.25],"to":[12.5,10.25,12.25],"rotation":{"angle":0,"axis":"y","origin":[6,10.25,12.25]},"faces":{"north":{"uv":[4.75,8.75,5.5,9.25],"texture":"#0"},"east":{"uv":[0.5,10.75,0.5,11.25],"texture":"#0"},"south":{"uv":[8.5,8.75,9.25,9.25],"texture":"#0"},"west":{"uv":[0.75,10.75,0.75,11.25],"texture":"#0"},"up":{"uv":[11.25,9.5,10.5,9.5],"texture":"#0"},"down":{"uv":[11.25,9.75,10.5,9.75],"texture":"#0"}}},{"from":[3.5,8.25,12.25],"to":[6.5,10.25,12.25],"rotation":{"angle":0,"axis":"y","origin":[0,10.25,12.25]},"faces":{"north":{"uv":[0,9,0.75,9.5],"texture":"#0"},"east":{"uv":[1,10.75,1,11.25],"texture":"#0"},"south":{"uv":[1,9,1.75,9.5],"texture":"#0"},"west":{"uv":[1.25,10.75,1.25,11.25],"texture":"#0"},"up":{"uv":[11.5,1.75,10.75,1.75],"texture":"#0"},"down":{"uv":[11.5,2,10.75,2],"texture":"#0"}}},{"from":[6.5,16.25,3.75],"to":[9.5,16.25,12.25],"rotation":{"angle":0,"axis":"y","origin":[3,10,3.75]},"faces":{"north":{"uv":[10.75,2.25,11.5,2.25],"texture":"#0"},"east":{"uv":[10.75,2.5,13,2.5],"texture":"#0"},"south":{"uv":[2.5,10.75,3.25,10.75],"texture":"#0"},"west":{"uv":[10.75,2.75,13,2.75],"texture":"#0"},"up":{"uv":[5.25,7.75,4.5,5.5],"texture":"#0"},"down":{"uv":[6.25,5.5,5.5,7.75],"texture":"#0"}}},{"from":[6.5,8.25,12.25],"to":[9.5,16.25,12.25],"rotation":{"angle":0,"axis":"y","origin":[3,10,12.25]},"faces":{"north":{"uv":[7.5,4.5,8.25,6.5],"texture":"#0"},"east":{"uv":[3.5,10.75,3.5,12.75],"texture":"#0"},"south":{"uv":[7.5,6.75,8.25,8.75],"texture":"#0"},"west":{"uv":[3.75,10.75,3.75,12.75],"texture":"#0"},"up":{"uv":[11.5,3,10.75,3],"texture":"#0"},"down":{"uv":[11.5,7.25,10.75,7.25],"texture":"#0"}}},{"from":[2,13,7],"to":[4,15,9],"rotation":{"angle":0,"axis":"y","origin":[-5,8,4]},"faces":{"north":{"uv":[6.75,4.5,7.25,5],"texture":"#0"},"east":{"uv":[5.75,8,6.25,8.5],"texture":"#0"},"south":{"uv":[5.75,8.75,6.25,9.25],"texture":"#0"},"west":{"uv":[7.25,9,7.75,9.5],"texture":"#0"},"up":{"uv":[5.25,10,4.75,9.5],"texture":"#0"},"down":{"uv":[6,9.5,5.5,10],"texture":"#0"}}},{"from":[3.5,13.15538,3.01746],"to":[3.5,14.15538,7.26746],"rotation":{"angle":-22.5,"axis":"x","origin":[3.5,13.65538,6.26746]},"faces":{"north":{"uv":[6.5,2.25,6.5,2.5],"texture":"#0"},"east":{"uv":[9.5,7.25,10.5,7.5],"texture":"#0"},"south":{"uv":[6.5,2.75,6.5,3],"texture":"#0"},"west":{"uv":[9.5,7.75,10.5,8],"texture":"#0"},"up":{"uv":[7.25,8.75,7.25,7.75],"texture":"#0"},"down":{"uv":[7,10,7,11],"texture":"#0"}}},{"from":[12.5,13.15538,3.01746],"to":[12.5,14.15538,7.26746],"rotation":{"angle":-22.5,"axis":"x","origin":[12.5,13.65538,6.26746]},"faces":{"north":{"uv":[2,9,2,9.25],"texture":"#0"},"east":{"uv":[8,9.5,9,9.75],"texture":"#0"},"south":{"uv":[2.25,9,2.25,9.25],"texture":"#0"},"west":{"uv":[9.5,8.25,10.5,8.5],"texture":"#0"},"up":{"uv":[9.5,11,9.5,10],"texture":"#0"},"down":{"uv":[9.75,10,9.75,11],"texture":"#0"}}},{"from":[3.5,13.15538,3.01746],"to":[12.5,14.15538,3.01746],"rotation":{"angle":-22.5,"axis":"x","origin":[3.5,13.65538,6.26746]},"faces":{"north":{"uv":[0,8.5,2.25,8.75],"texture":"#0"},"east":{"uv":[8,9,8,9.25],"texture":"#0"},"south":{"uv":[8.5,5.75,10.75,6],"texture":"#0"},"west":{"uv":[8.25,9,8.25,9.25],"texture":"#0"},"up":{"uv":[11.75,9.25,9.5,9.25],"texture":"#0"},"down":{"uv":[12.25,10,10,10],"texture":"#0"}}},{"from":[3.5,13.15538,8.73254],"to":[3.5,14.15538,12.98254],"rotation":{"angle":22.5,"axis":"x","origin":[3.5,13.65538,9.73254]},"faces":{"north":{"uv":[6.25,9.5,6.25,9.75],"texture":"#0"},"east":{"uv":[9.5,8.75,10.5,9],"texture":"#0"},"south":{"uv":[0,10.25,0,10.5],"texture":"#0"},"west":{"uv":[9.25,9.5,10.25,9.75],"texture":"#0"},"up":{"uv":[10.25,1,10.25,0],"texture":"#0"},"down":{"uv":[0.25,10.25,0.25,11.25],"texture":"#0"}}},{"from":[3.5,13.15538,12.98254],"to":[12.5,14.15538,12.98254],"rotation":{"angle":22.5,"axis":"x","origin":[3.5,13.65538,9.73254]},"faces":{"north":{"uv":[8.5,6.25,10.75,6.5],"texture":"#0"},"east":{"uv":[0.5,10.25,0.5,10.5],"texture":"#0"},"south":{"uv":[8.5,6.75,10.75,7],"texture":"#0"},"west":{"uv":[0.75,10.25,0.75,10.5],"texture":"#0"},"up":{"uv":[12.5,1.25,10.25,1.25],"texture":"#0"},"down":{"uv":[12.5,1.5,10.25,1.5],"texture":"#0"}}},{"from":[12.5,13.15538,8.73254],"to":[12.5,14.15538,12.98254],"rotation":{"angle":22.5,"axis":"x","origin":[12.5,13.65538,9.73254]},"faces":{"north":{"uv":[1,10.25,1,10.5],"texture":"#0"},"east":{"uv":[0,9.75,1,10],"texture":"#0"},"south":{"uv":[1.25,10.25,1.25,10.5],"texture":"#0"},"west":{"uv":[1.25,9.75,2.25,10],"texture":"#0"},"up":{"uv":[1.5,11.25,1.5,10.25],"texture":"#0"},"down":{"uv":[1.75,10.25,1.75,11.25],"texture":"#0"}}},{"from":[12,13,7],"to":[14,15,9],"rotation":{"angle":0,"axis":"y","origin":[21,8,4]},"faces":{"north":{"uv":[7.25,9.75,7.75,10.25],"texture":"#0"},"east":{"uv":[2.5,10,3,10.5],"texture":"#0"},"south":{"uv":[3.25,10,3.75,10.5],"texture":"#0"},"west":{"uv":[6.25,10,6.75,10.5],"texture":"#0"},"up":{"uv":[8.5,10.5,8,10],"texture":"#0"},"down":{"uv":[9.25,10,8.75,10.5],"texture":"#0"}}}],"gui_light":"front","display":{"thirdperson_righthand":{"rotation":[-157.5,0,-180],"translation":[0,0.75,-4.25],"scale":[0.9,0.9,0.9]},"thirdperson_lefthand":{"rotation":[-157.5,0,-180],"translation":[0,0.75,-4.25],"scale":[0.9,0.9,0.9]},"firstperson_righthand":{"rotation":[0,156,0],"translation":[2.5,0,-3.75],"scale":[0.9,0.9,0.9]},"firstperson_lefthand":{"rotation":[0,156,0],"translation":[2.5,0,-3.75],"scale":[0.9,0.9,0.9]},"ground":{"translation":[0,5,0],"scale":[0.9,0.9,0.9]},"gui":{"rotation":[22.5,145,0],"scale":[0.8,0.8,0.8]},"head":{"translation":[0,3.5,0],"scale":[1.81,1.81,1.81]},"fixed":{"rotation":[-90,0,0],"translation":[0,2,-2],"scale":[2,2,2]}}}