{"credit":"Made with Blockbench","texture_size":[32,32],"textures":{"0":"minewave:item/cosmetics/spring_hats/butterfly_hat_texture","particle":"minewave:item/cosmetics/spring_hats/butterfly_hat_texture"},"elements":[{"from":[3.44975,5.74264,8],"to":[8.44975,5.74264,13],"rotation":{"angle":22.5,"axis":"z","origin":[6.44975,5.74264,10.5]},"faces":{"north":{"uv":[7.5,8.5,10,8.5],"rotation":270,"texture":"#0"},"east":{"uv":[5,8.5,7.5,8.5],"rotation":90,"texture":"#0"},"south":{"uv":[12.5,8.5,15,8.5],"rotation":90,"texture":"#0"},"west":{"uv":[10,8.5,12.5,8.5],"rotation":90,"texture":"#0"},"up":{"uv":[10,8.5,7.5,6],"rotation":90,"texture":"#0"},"down":{"uv":[12.5,6,10,8.5],"rotation":90,"texture":"#0"}}},{"from":[1.62061,5.74193,8],"to":[6.62061,5.74193,13],"rotation":{"angle":-22.5,"axis":"z","origin":[3.62061,5.74193,10.5]},"faces":{"north":{"uv":[2.5,8.5,5,8.5],"rotation":90,"texture":"#0"},"east":{"uv":[0,8.5,2.5,8.5],"rotation":270,"texture":"#0"},"south":{"uv":[7.5,8.5,10,8.5],"rotation":270,"texture":"#0"},"west":{"uv":[5,8.5,7.5,8.5],"rotation":270,"texture":"#0"},"up":{"uv":[5,8.5,2.5,6],"rotation":270,"texture":"#0"},"down":{"uv":[7.5,6,5,8.5],"rotation":270,"texture":"#0"}}},{"from":[4.54449,5.35925,6],"to":[4.54449,6.35925,8],"rotation":{"angle":0,"axis":"y","origin":[4.54449,5.35925,7]},"faces":{"north":{"uv":[1,2.5,1,3],"texture":"#0"},"east":{"uv":[0,2.5,1,3],"texture":"#0"},"south":{"uv":[2,2.5,2,3],"texture":"#0"},"west":{"uv":[1,2.5,2,3],"texture":"#0"},"up":{"uv":[1,2.5,1,1.5],"texture":"#0"},"down":{"uv":[1,1.5,1,2.5],"texture":"#0"}}},{"from":[5.54449,5.35925,6],"to":[5.54449,6.35925,8],"rotation":{"angle":0,"axis":"y","origin":[4.54449,5.35925,7]},"faces":{"north":{"uv":[1,2,1,2.5],"texture":"#0"},"east":{"uv":[0,2,1,2.5],"texture":"#0"},"south":{"uv":[2,2,2,2.5],"texture":"#0"},"west":{"uv":[1,2,2,2.5],"texture":"#0"},"up":{"uv":[1,2,1,1],"texture":"#0"},"down":{"uv":[1,1,1,2],"texture":"#0"}}},{"from":[9.44975,1.74264,3],"to":[15.44975,1.74264,9],"rotation":{"angle":22.5,"axis":"z","origin":[12.44975,1.74264,5.5]},"faces":{"north":{"uv":[3,6,6,6],"rotation":270,"texture":"#0"},"east":{"uv":[0,6,3,6],"rotation":90,"texture":"#0"},"south":{"uv":[9,6,12,6],"rotation":90,"texture":"#0"},"west":{"uv":[6,6,9,6],"rotation":90,"texture":"#0"},"up":{"uv":[6,6,3,3],"rotation":90,"texture":"#0"},"down":{"uv":[9,3,6,6],"rotation":90,"texture":"#0"}}},{"from":[6.62061,1.74193,3],"to":[12.62061,1.74193,9],"rotation":{"angle":-22.5,"axis":"z","origin":[9.62061,1.74193,5.5]},"faces":{"north":{"uv":[3,3,6,3],"rotation":90,"texture":"#0"},"east":{"uv":[0,3,3,3],"rotation":270,"texture":"#0"},"south":{"uv":[9,3,12,3],"rotation":270,"texture":"#0"},"west":{"uv":[6,3,9,3],"rotation":270,"texture":"#0"},"up":{"uv":[6,3,3,0],"rotation":270,"texture":"#0"},"down":{"uv":[9,0,6,3],"rotation":270,"texture":"#0"}}},{"from":[10.54449,1.35925,1],"to":[10.54449,2.35925,3],"rotation":{"angle":0,"axis":"y","origin":[10.54449,1.35925,2]},"faces":{"north":{"uv":[1,1.5,1,2],"texture":"#0"},"east":{"uv":[0,1.5,1,2],"texture":"#0"},"south":{"uv":[2,1.5,2,2],"texture":"#0"},"west":{"uv":[1,1.5,2,2],"texture":"#0"},"up":{"uv":[1,1.5,1,0.5],"texture":"#0"},"down":{"uv":[1,0.5,1,1.5],"texture":"#0"}}},{"from":[11.54449,1.35925,1],"to":[11.54449,2.35925,3],"rotation":{"angle":0,"axis":"y","origin":[10.54449,1.35925,2]},"faces":{"north":{"uv":[1,1,1,1.5],"texture":"#0"},"east":{"uv":[0,1,1,1.5],"texture":"#0"},"south":{"uv":[2,1,2,1.5],"texture":"#0"},"west":{"uv":[1,1,2,1.5],"texture":"#0"},"up":{"uv":[1,1,1,0],"texture":"#0"},"down":{"uv":[1,0,1,1],"texture":"#0"}}}],"display":{"thirdperson_righthand":{"translation":[0,3.25,0]},"thirdperson_lefthand":{"translation":[0,3.25,0]},"firstperson_righthand":{"rotation":[12.5,0,0],"translation":[2.25,3.75,0]},"firstperson_lefthand":{"rotation":[12.5,0,0],"translation":[2.25,3.75,0]},"ground":{"translation":[0,3,0],"scale":[0.5,0.5,0.5]},"gui":{"rotation":[45,-144,0],"translation":[0,3.25,0]},"head":{"translation":[0,21.25,0],"scale":[1.6,1.6,1.6]},"fixed":{"rotation":[-90,0,0],"translation":[0,0,-14.75],"scale":[2,2,2]}}}