{
   "sources":[
      {
         "type":"single",
         "resource":"minewave:item/cosmetics/fall_hats/acorn_hat_texture"
      },
      {
         "type":"single",
         "resource":"minewave:item/cosmetics/fall_hats/fedora_hat_texture"
      },
      {
         "type":"single",
         "resource":"minewave:item/cosmetics/fall_hats/fox_hat_texture"
      },
      {
         "type":"single",
         "resource":"minewave:item/cosmetics/fall_hats/mushroom_hat_texture"
      },
      {
         "type":"single",
         "resource":"minewave:item/cosmetics/fall_hats/owl_hat_texture"
      },
      {
         "type":"single",
         "resource":"minewave:item/cosmetics/fall_hats/patchwork_hat_texture"
      },
      {
         "type":"single",
         "resource":"minewave:item/cosmetics/fall_hats/pumpkin_hat_texture"
      },
      {
         "type":"single",
         "resource":"minewave:item/cosmetics/fall_hats/scarecrow_hat_texture"
      },
      {
         "type":"single",
         "resource":"minewave:item/cosmetics/fall_hats/squirrel_hat_texture"
      },
      {
         "type":"single",
         "resource":"minewave:item/cosmetics/fall_hats/turkey_hat_texture"
      },
      {
         "type":"single",
         "resource":"minewave:item/cosmetics/halloween_hats/halloween_cat_hat_texture"
      },
      {
         "type":"single",
         "resource":"minewave:item/cosmetics/halloween_hats/halloween_cowboy_hat_texture"
      },
      {
         "type":"single",
         "resource":"minewave:item/cosmetics/halloween_hats/halloween_devil_hat_texture"
      },
      {
         "type":"single",
         "resource":"minewave:item/cosmetics/halloween_hats/halloween_ghost_hat_texture"
      },
      {
         "type":"single",
         "resource":"minewave:item/cosmetics/halloween_hats/halloween_hand_hat_texture"
      },
      {
         "type":"single",
         "resource":"minewave:item/cosmetics/halloween_hats/halloween_hog_hat_texture"
      },
      {
         "type":"single",
         "resource":"minewave:item/cosmetics/halloween_hats/halloween_pumpkin_hat_texture"
      },
      {
         "type":"single",
         "resource":"minewave:item/cosmetics/halloween_hats/halloween_skeleton_hat_texture"
      },
      {
         "type":"single",
         "resource":"minewave:item/cosmetics/halloween_hats/halloween_spider_hat_texture"
      },
      {
         "type":"single",
         "resource":"minewave:item/cosmetics/halloween_hats/halloween_witch_hat_texture"
      },
      {
         "type":"single",
         "resource":"minewave:item/blossom/axe"
      },
      {
         "type":"single",
         "resource":"minewave:item/blossom/hoe"
      },
      {
         "type":"single",
         "resource":"minewave:item/blossom/pickaxe"
      },
      {
         "type":"single",
         "resource":"minewave:item/blossom/sword"
      },
      {
         "type":"single",
         "resource":"minewave:item/blossom/armor/boots"
      },
      {
         "type":"single",
         "resource":"minewave:item/blossom/armor/chestplate"
      },
      {
         "type":"single",
         "resource":"minewave:item/blossom/armor/leggings"
      },
      {
         "type":"single",
         "resource":"minewave:item/blossom/armor/helmet"
      },
      {
         "type":"single",
         "resource":"minewave:item/christmas/armor/boots"
      },
      {
         "type":"single",
         "resource":"minewave:item/christmas/armor/chestplate"
      },
      {
         "type":"single",
         "resource":"minewave:item/christmas/armor/leggings"
      },
      {
         "type":"single",
         "resource":"minewave:item/christmas/armor/helmet"
      },
      {
         "type":"single",
         "resource":"minewave:item/christmas/axe"
      },
      {
         "type":"single",
         "resource":"minewave:item/christmas/crossbow"
      },
      {
         "type":"single",
         "resource":"minewave:item/christmas/crossbow_0"
      },
      {
         "type":"single",
         "resource":"minewave:item/christmas/crossbow_1"
      },
      {
         "type":"single",
         "resource":"minewave:item/christmas/crossbow_2"
      },
      {
         "type":"single",
         "resource":"minewave:item/christmas/crossbow_charged"
      },
      {
         "type":"single",
         "resource":"minewave:item/christmas/hoe"
      },
      {
         "type":"single",
         "resource":"minewave:item/christmas/pickaxe"
      },
      {
         "type":"single",
         "resource":"minewave:item/christmas/shovel"
      },
      {
         "type":"single",
         "resource":"minewave:item/christmas/sword"
      },
      {
         "type":"single",
         "resource":"minewave:item/icons/money"
      },
      {
         "type":"single",
         "resource":"minewave:item/newyears/boots"
      },
      {
         "type":"single",
         "resource":"minewave:item/newyears/bow"
      },
      {
         "type":"single",
         "resource":"minewave:item/newyears/bow_0"
      },
      {
         "type":"single",
         "resource":"minewave:item/newyears/bow_1"
      },
      {
         "type":"single",
         "resource":"minewave:item/newyears/bow_2"
      },
      {
         "type":"single",
         "resource":"minewave:item/newyears/chestplate"
      },
      {
         "type":"single",
         "resource":"minewave:item/newyears/helmet"
      },
      {
         "type":"single",
         "resource":"minewave:item/newyears/leggings"
      },
      {
         "type":"single",
         "resource":"minewave:item/newyears/mace"
      },
      {
         "type":"single",
         "resource":"minewave:item/newyears/pickaxe"
      },
      {
         "type":"single",
         "resource":"minewave:item/newyears/sword"
      }
   ]
}