{"credit":"Made with Blockbench","texture_size":[64,64],"textures":{"0":"minewave:item/cosmetics/summer_hats/shark_hat_texture","particle":"minewave:item/cosmetics/summer_hats/shark_hat_texture"},"elements":[{"name":"tail","from":[6,13.06001,8.82699],"to":[10,22.06001,14.82699],"rotation":{"angle":-22.5,"axis":"x","origin":[8,12.56001,11.32699]},"faces":{"north":{"uv":[10,4.25,11,6.5],"texture":"#0"},"east":{"uv":[8.5,4.25,10,6.5],"texture":"#0"},"south":{"uv":[12.5,4.25,13.5,6.5],"texture":"#0"},"west":{"uv":[11,4.25,12.5,6.5],"texture":"#0"},"up":{"uv":[11,4.25,10,2.75],"texture":"#0"},"down":{"uv":[12,2.75,11,4.25],"texture":"#0"}}},{"name":"body","from":[5,8.34776,4.38284],"to":[11,16.34776,11.38284],"rotation":{"angle":22.5,"axis":"x","origin":[8,7.84776,7.88284]},"faces":{"north":{"uv":[8.5,8.75,10,10.75],"texture":"#0"},"east":{"uv":[6.75,8.75,8.5,10.75],"texture":"#0"},"south":{"uv":[11.75,8.75,13.25,10.75],"texture":"#0"},"west":{"uv":[10,8.75,11.75,10.75],"texture":"#0"},"up":{"uv":[10,8.75,8.5,7],"texture":"#0"},"down":{"uv":[11.5,7,10,8.75],"texture":"#0"}}},{"name":"head","from":[4,3.34776,3.38284],"to":[12,10.34776,13.38284],"rotation":{"angle":0,"axis":"y","origin":[8,5.34776,7.88284]},"faces":{"north":{"uv":[2.5,2.5,4.5,4.25],"texture":"#0"},"east":{"uv":[0,2.5,2.5,4.25],"texture":"#0"},"south":{"uv":[7,2.5,9,4.25],"texture":"#0"},"west":{"uv":[4.5,2.5,7,4.25],"texture":"#0"},"up":{"uv":[4.5,2.5,2.5,0],"texture":"#0"},"down":{"uv":[6.5,0,4.5,2.5],"texture":"#0"}}},{"from":[3,0.25,1.64821],"to":[3,2.25,7.64821],"rotation":{"angle":-22.5,"axis":"x","origin":[8,3.25,5.14821]},"faces":{"north":{"uv":[13,13,13,13.5],"texture":"#0"},"east":{"uv":[11.5,13,13,13.5],"texture":"#0"},"south":{"uv":[14.5,13,14.5,13.5],"texture":"#0"},"west":{"uv":[13,13,14.5,13.5],"texture":"#0"},"up":{"uv":[13,13,13,11.5],"texture":"#0"},"down":{"uv":[13,11.5,13,13],"texture":"#0"}}},{"from":[3,0.25,8.35],"to":[3,2.25,14.35],"rotation":{"angle":22.5,"axis":"x","origin":[8,3.25,10.85]},"faces":{"north":{"uv":[10,13,10,13.5],"texture":"#0"},"east":{"uv":[8.5,13,10,13.5],"texture":"#0"},"south":{"uv":[11.5,13,11.5,13.5],"texture":"#0"},"west":{"uv":[10,13,11.5,13.5],"texture":"#0"},"up":{"uv":[10,13,10,11.5],"texture":"#0"},"down":{"uv":[10,11.5,10,13],"texture":"#0"}}},{"from":[3,0.25,14.35],"to":[13,2.25,14.35],"rotation":{"angle":22.5,"axis":"x","origin":[8,3.25,10.85]},"faces":{"north":{"uv":[2.5,10.75,5,11.25],"texture":"#0"},"east":{"uv":[2.5,10.75,2.5,11.25],"texture":"#0"},"south":{"uv":[5,10.75,7.5,11.25],"texture":"#0"},"west":{"uv":[5,10.75,5,11.25],"texture":"#0"},"up":{"uv":[5,10.75,2.5,10.75],"texture":"#0"},"down":{"uv":[7.5,10.75,5,10.75],"texture":"#0"}}},{"from":[3,0.25,1.64821],"to":[13,2.25,1.64821],"rotation":{"angle":-22.5,"axis":"x","origin":[8,3.25,5.14821]},"faces":{"north":{"uv":[6.75,6.5,9.25,7],"texture":"#0"},"east":{"uv":[6.75,6.5,6.75,7],"texture":"#0"},"south":{"uv":[9.25,6.5,11.75,7],"texture":"#0"},"west":{"uv":[9.25,6.5,9.25,7],"texture":"#0"},"up":{"uv":[9.25,6.5,6.75,6.5],"texture":"#0"},"down":{"uv":[11.75,6.5,9.25,6.5],"texture":"#0"}}},{"from":[13,0.25,1.64821],"to":[13,2.25,7.64821],"rotation":{"angle":-22.5,"axis":"x","origin":[8,3.25,5.14821]},"faces":{"north":{"uv":[7,13,7,13.5],"texture":"#0"},"east":{"uv":[5.5,13,7,13.5],"texture":"#0"},"south":{"uv":[8.5,13,8.5,13.5],"texture":"#0"},"west":{"uv":[7,13,8.5,13.5],"texture":"#0"},"up":{"uv":[7,13,7,11.5],"texture":"#0"},"down":{"uv":[7,11.5,7,13],"texture":"#0"}}},{"from":[13,0.25,8.35],"to":[13,2.25,14.35],"rotation":{"angle":22.5,"axis":"x","origin":[8,3.25,10.85]},"faces":{"north":{"uv":[4,10,4,10.5],"texture":"#0"},"east":{"uv":[2.5,10,4,10.5],"texture":"#0"},"south":{"uv":[5.5,10,5.5,10.5],"texture":"#0"},"west":{"uv":[4,10,5.5,10.5],"texture":"#0"},"up":{"uv":[4,10,4,8.5],"texture":"#0"},"down":{"uv":[4,8.5,4,10],"texture":"#0"}}},{"from":[10.4,5.34776,2.38284],"to":[12.4,8.34776,4.38284],"rotation":{"angle":-22.5,"axis":"y","origin":[11.4,6.84776,3.38284]},"faces":{"north":{"uv":[0.5,13.5,1,14.25],"texture":"#0"},"east":{"uv":[0,13.5,0.5,14.25],"texture":"#0"},"south":{"uv":[1.5,13.5,2,14.25],"texture":"#0"},"west":{"uv":[1,13.5,1.5,14.25],"texture":"#0"},"up":{"uv":[1,13.5,0.5,13],"texture":"#0"},"down":{"uv":[1.5,13,1,13.5],"texture":"#0"}}},{"from":[3.6,5.34776,2.38284],"to":[5.6,8.34776,4.38284],"rotation":{"angle":22.5,"axis":"y","origin":[4.6,6.84776,3.38284]},"faces":{"north":{"uv":[13,11.25,13.5,12],"texture":"#0"},"east":{"uv":[12.5,11.25,13,12],"texture":"#0"},"south":{"uv":[14,11.25,14.5,12],"texture":"#0"},"west":{"uv":[13.5,11.25,14,12],"texture":"#0"},"up":{"uv":[13.5,11.25,13,10.75],"texture":"#0"},"down":{"uv":[14,10.75,13.5,11.25],"texture":"#0"}}},{"from":[10.5,7.34776,7.38284],"to":[14.5,11.34776,9.38284],"rotation":{"angle":-22.5,"axis":"y","origin":[11.5,10.34776,8.38284]},"faces":{"north":{"uv":[12.5,2,13.5,3],"texture":"#0"},"east":{"uv":[12,2,12.5,3],"texture":"#0"},"south":{"uv":[14,2,15,3],"texture":"#0"},"west":{"uv":[13.5,2,14,3],"texture":"#0"},"up":{"uv":[13.5,2,12.5,1.5],"texture":"#0"},"down":{"uv":[14.5,1.5,13.5,2],"texture":"#0"}}},{"from":[12.5,11.34776,7.38284],"to":[14.5,14.34776,9.38284],"rotation":{"angle":-22.5,"axis":"y","origin":[11.5,10.34776,8.38284]},"faces":{"north":{"uv":[12.5,3.5,13,4.25],"texture":"#0"},"east":{"uv":[12,3.5,12.5,4.25],"texture":"#0"},"south":{"uv":[13.5,3.5,14,4.25],"texture":"#0"},"west":{"uv":[13,3.5,13.5,4.25],"texture":"#0"},"up":{"uv":[13,3.5,12.5,3],"texture":"#0"},"down":{"uv":[13.5,3,13,3.5],"texture":"#0"}}},{"from":[1.5,7.34776,7.38284],"to":[5.5,11.34776,9.38284],"rotation":{"angle":22.5,"axis":"y","origin":[4.5,10.34776,8.38284]},"faces":{"north":{"uv":[12.5,0.5,13.5,1.5],"texture":"#0"},"east":{"uv":[12,0.5,12.5,1.5],"texture":"#0"},"south":{"uv":[14,0.5,15,1.5],"texture":"#0"},"west":{"uv":[13.5,0.5,14,1.5],"texture":"#0"},"up":{"uv":[13.5,0.5,12.5,0],"texture":"#0"},"down":{"uv":[14.5,0,13.5,0.5],"texture":"#0"}}},{"from":[-0.5,7.34776,8.38284],"to":[5.5,16.34776,8.38284],"rotation":{"angle":22.5,"axis":"y","origin":[4.5,10.34776,8.38284]},"faces":{"north":{"uv":[2.5,11.25,4,13.5],"texture":"#0"},"east":{"uv":[2.5,11.25,2.5,13.5],"texture":"#0"},"south":{"uv":[4,11.25,5.5,13.5],"texture":"#0"},"west":{"uv":[4,11.25,4,13.5],"texture":"#0"},"up":{"uv":[4,11.25,2.5,11.25],"texture":"#0"},"down":{"uv":[5.5,11.25,4,11.25],"texture":"#0"}}},{"from":[10.5,7.34776,8.38284],"to":[16.5,16.34776,8.38284],"rotation":{"angle":-22.5,"axis":"y","origin":[11.5,10.34776,8.38284]},"faces":{"north":{"uv":[9.5,10.75,11,13],"texture":"#0"},"east":{"uv":[9.5,10.75,9.5,13],"texture":"#0"},"south":{"uv":[11,10.75,12.5,13],"texture":"#0"},"west":{"uv":[11,10.75,11,13],"texture":"#0"},"up":{"uv":[11,10.75,9.5,10.75],"texture":"#0"},"down":{"uv":[12.5,10.75,11,10.75],"texture":"#0"}}},{"from":[1.5,11.34776,7.38284],"to":[3.5,14.34776,9.38284],"rotation":{"angle":22.5,"axis":"y","origin":[4.5,10.34776,8.38284]},"faces":{"north":{"uv":[0.5,12.25,1,13],"texture":"#0"},"east":{"uv":[0,12.25,0.5,13],"texture":"#0"},"south":{"uv":[1.5,12.25,2,13],"texture":"#0"},"west":{"uv":[1,12.25,1.5,13],"texture":"#0"},"up":{"uv":[1,12.25,0.5,11.75],"texture":"#0"},"down":{"uv":[1.5,11.75,1,12.25],"texture":"#0"}}},{"from":[7,8.34776,2.38284],"to":[9,15.34776,4.38284],"rotation":{"angle":22.5,"axis":"x","origin":[8,7.84776,7.88284]},"faces":{"north":{"uv":[0.5,0.5,1,2.25],"texture":"#0"},"east":{"uv":[0,0.5,0.5,2.25],"texture":"#0"},"south":{"uv":[1.5,0.5,2,2.25],"texture":"#0"},"west":{"uv":[1,0.5,1.5,2.25],"texture":"#0"},"up":{"uv":[1,0.5,0.5,0],"texture":"#0"},"down":{"uv":[1.5,0,1,0.5],"texture":"#0"}}},{"from":[7,8.34776,0.38284],"to":[9,12.34776,2.38284],"rotation":{"angle":22.5,"axis":"x","origin":[8,7.84776,7.88284]},"faces":{"north":{"uv":[7,0.5,7.5,1.5],"texture":"#0"},"east":{"uv":[6.5,0.5,7,1.5],"texture":"#0"},"south":{"uv":[8,0.5,8.5,1.5],"texture":"#0"},"west":{"uv":[7.5,0.5,8,1.5],"texture":"#0"},"up":{"uv":[7.5,0.5,7,0],"texture":"#0"},"down":{"uv":[8,0,7.5,0.5],"texture":"#0"}}},{"from":[8,8.34776,-2.61716],"to":[8,15.34776,2.38284],"rotation":{"angle":22.5,"axis":"x","origin":[8,7.84776,7.88284]},"faces":{"north":{"uv":[1.25,10,1.25,11.75],"texture":"#0"},"east":{"uv":[0,10,1.25,11.75],"texture":"#0"},"south":{"uv":[2.5,10,2.5,11.75],"texture":"#0"},"west":{"uv":[1.25,10,2.5,11.75],"texture":"#0"},"up":{"uv":[1.25,10,1.25,8.75],"texture":"#0"},"down":{"uv":[1.25,8.75,1.25,10],"texture":"#0"}}},{"from":[7,19.38331,4.3703],"to":[9,27.28331,8.3703],"rotation":{"angle":-22.5,"axis":"x","origin":[8,14.88331,3.8703]},"faces":{"north":{"uv":[10,1,10.5,2.75],"texture":"#0"},"east":{"uv":[9,1,10,2.75],"texture":"#0"},"south":{"uv":[11.5,1,12,2.75],"texture":"#0"},"west":{"uv":[10.5,1,11.5,2.75],"texture":"#0"},"up":{"uv":[10.5,1,10,0],"texture":"#0"},"down":{"uv":[11,0,10.5,1],"texture":"#0"}}},{"from":[7,19.38331,8.3703],"to":[9,23.88331,12.3703],"rotation":{"angle":-22.5,"axis":"x","origin":[8,14.88331,3.8703]},"faces":{"north":{"uv":[12.5,7.5,13,8.5],"texture":"#0"},"east":{"uv":[11.5,7.5,12.5,8.5],"texture":"#0"},"south":{"uv":[14,7.5,14.5,8.5],"texture":"#0"},"west":{"uv":[13,7.5,14,8.5],"texture":"#0"},"up":{"uv":[13,7.5,12.5,6.5],"texture":"#0"},"down":{"uv":[13.5,6.5,13,7.5],"texture":"#0"}}},{"from":[7.999,25.37598,3.87448],"to":[7.999,30.99267,15.87448],"rotation":{"angle":-22.5,"axis":"x","origin":[7.999,16.87598,7.37448]},"faces":{"north":{"uv":[3,8.75,3,10],"texture":"#0"},"east":{"uv":[0,8.75,3,10],"texture":"#0"},"south":{"uv":[6,8.75,6,10],"texture":"#0"},"west":{"uv":[3,8.75,6,10],"texture":"#0"},"up":{"uv":[3,8.75,3,5.75],"texture":"#0"},"down":{"uv":[3,5.75,3,8.75],"texture":"#0"}}},{"from":[7,19.38331,12.3703],"to":[9,24.98331,16.3703],"rotation":{"angle":-22.5,"axis":"x","origin":[8,14.88331,3.8703]},"faces":{"north":{"uv":[7.5,11.75,8,13],"texture":"#0"},"east":{"uv":[6.5,11.75,7.5,13],"texture":"#0"},"south":{"uv":[9,11.75,9.5,13],"texture":"#0"},"west":{"uv":[8,11.75,9,13],"texture":"#0"},"up":{"uv":[8,11.75,7.5,10.75],"texture":"#0"},"down":{"uv":[8.5,10.75,8,11.75],"texture":"#0"}}},{"from":[3,2.25,1.64821],"to":[13,4.25,8.64821],"rotation":{"angle":-22.5,"axis":"x","origin":[8,3.25,5.14821]},"faces":{"north":{"uv":[1.75,8.25,4.25,8.75],"texture":"#0"},"east":{"uv":[0,8.25,1.75,8.75],"texture":"#0"},"south":{"uv":[6,8.25,8.5,8.75],"texture":"#0"},"west":{"uv":[4.25,8.25,6,8.75],"texture":"#0"},"up":{"uv":[4.25,8.25,1.75,6.5],"texture":"#0"},"down":{"uv":[6.75,6.5,4.25,8.25],"texture":"#0"}}},{"from":[3,2.25,7.35],"to":[13,4.25,14.35],"rotation":{"angle":22.5,"axis":"x","origin":[8,3.25,10.85]},"faces":{"north":{"uv":[1.75,6,4.25,6.5],"texture":"#0"},"east":{"uv":[0,6,1.75,6.5],"texture":"#0"},"south":{"uv":[6,6,8.5,6.5],"texture":"#0"},"west":{"uv":[4.25,6,6,6.5],"texture":"#0"},"up":{"uv":[4.25,6,1.75,4.25],"texture":"#0"},"down":{"uv":[6.75,4.25,4.25,6],"texture":"#0"}}}],"gui_light":"front","display":{"thirdperson_righthand":{"translation":[0,-1,-2.5],"scale":[0.75,0.75,0.75]},"thirdperson_lefthand":{"translation":[0,-1,-2.5],"scale":[0.75,0.75,0.75]},"firstperson_righthand":{"rotation":[-1,0,0],"scale":[0.75,0.75,0.75]},"firstperson_lefthand":{"rotation":[-1,0,0],"scale":[0.75,0.75,0.75]},"ground":{"translation":[0,2,0],"scale":[0.5,0.5,0.5]},"gui":{"rotation":[0,145,0],"translation":[0,-3.5,0],"scale":[0.46,0.46,0.46]},"head":{"translation":[0,13.5,0],"scale":[1.6,1.6,1.6]},"fixed":{"translation":[0,-8,-10.25],"scale":[1.6,1.6,1.6]}}}