{"credit":"Made with Blockbench","texture_size":[64,64],"textures":{"0":"minewave:item/cosmetics/halloween_hats/halloween_skeleton_hat_texture","particle":"minewave:item/cosmetics/halloween_hats/halloween_skeleton_hat_texture"},"elements":[{"from":[1.01472,13.82843,8],"to":[4.01472,15.82843,10],"rotation":{"angle":-45,"axis":"z","origin":[-3.98528,11.82843,4]},"faces":{"north":{"uv":[0,8,0.75,8.5],"texture":"#0"},"east":{"uv":[3.5,7.75,4,8.25],"texture":"#0"},"south":{"uv":[8,0.25,8.75,0.75],"texture":"#0"},"west":{"uv":[8.75,0.5,9.25,1],"texture":"#0"},"up":{"uv":[1.5,8.5,0.75,8],"texture":"#0"},"down":{"uv":[8.75,0.75,8,1.25],"texture":"#0"}}},{"from":[-0.81371,15.24264,7],"to":[1.18629,19.24264,11],"rotation":{"angle":-45,"axis":"z","origin":[-6.81371,13.24264,4]},"faces":{"north":{"uv":[4,7.25,4.5,8.25],"texture":"#0"},"east":{"uv":[4,5.25,5,6.25],"texture":"#0"},"south":{"uv":[4.5,7.25,5,8.25],"texture":"#0"},"west":{"uv":[5,5.75,6,6.75],"texture":"#0"},"up":{"uv":[5.5,8.25,5,7.25],"texture":"#0"},"down":{"uv":[6,7.25,5.5,8.25],"texture":"#0"}}},{"from":[11.98528,13.82843,8],"to":[14.98528,15.82843,10],"rotation":{"angle":45,"axis":"z","origin":[19.98528,11.82843,4]},"faces":{"north":{"uv":[8,1.25,8.75,1.75],"texture":"#0"},"east":{"uv":[8.75,1,9.25,1.5],"texture":"#0"},"south":{"uv":[8,1.75,8.75,2.25],"texture":"#0"},"west":{"uv":[8.75,1.5,9.25,2],"texture":"#0"},"up":{"uv":[8.75,2.75,8,2.25],"texture":"#0"},"down":{"uv":[8.75,2.75,8,3.25],"texture":"#0"}}},{"from":[14.81371,15.24264,7],"to":[16.81371,19.24264,11],"rotation":{"angle":45,"axis":"z","origin":[22.81371,13.24264,4]},"faces":{"north":{"uv":[6,7.25,6.5,8.25],"texture":"#0"},"east":{"uv":[6,5.75,7,6.75],"texture":"#0"},"south":{"uv":[6.5,7.25,7,8.25],"texture":"#0"},"west":{"uv":[4,6.25,5,7.25],"texture":"#0"},"up":{"uv":[7.5,8.25,7,7.25],"texture":"#0"},"down":{"uv":[8,0,7.5,1],"texture":"#0"}}},{"from":[11.98528,-4.82843,8],"to":[14.98528,-2.82843,10],"rotation":{"angle":-45,"axis":"z","origin":[19.98528,-0.82843,4]},"faces":{"north":{"uv":[8,3.25,8.75,3.75],"texture":"#0"},"east":{"uv":[8.75,2,9.25,2.5],"texture":"#0"},"south":{"uv":[8,6.75,8.75,7.25],"texture":"#0"},"west":{"uv":[8.75,2.5,9.25,3],"texture":"#0"},"up":{"uv":[8.75,7.75,8,7.25],"texture":"#0"},"down":{"uv":[8.75,7.75,8,8.25],"texture":"#0"}}},{"from":[14.81371,-8.24264,7],"to":[16.81371,-4.24264,11],"rotation":{"angle":-45,"axis":"z","origin":[22.81371,-2.24264,4]},"faces":{"north":{"uv":[7.5,1,8,2],"texture":"#0"},"east":{"uv":[6.5,0,7.5,1],"texture":"#0"},"south":{"uv":[1.5,7.5,2,8.5],"texture":"#0"},"west":{"uv":[6.5,1,7.5,2],"texture":"#0"},"up":{"uv":[2.5,8.5,2,7.5],"texture":"#0"},"down":{"uv":[8,2,7.5,3],"texture":"#0"}}},{"from":[1.01472,-4.82843,8],"to":[4.01472,-2.82843,10],"rotation":{"angle":45,"axis":"z","origin":[-3.98528,-0.82843,4]},"faces":{"north":{"uv":[3.5,8.25,4.25,8.75],"texture":"#0"},"east":{"uv":[3,8.75,3.5,9.25],"texture":"#0"},"south":{"uv":[4.25,8.25,5,8.75],"texture":"#0"},"west":{"uv":[8.75,3,9.25,3.5],"texture":"#0"},"up":{"uv":[5.75,8.75,5,8.25],"texture":"#0"},"down":{"uv":[9,5,8.25,5.5],"texture":"#0"}}},{"from":[-0.81371,-8.24264,7],"to":[1.18629,-4.24264,11],"rotation":{"angle":45,"axis":"z","origin":[-6.81371,-2.24264,4]},"faces":{"north":{"uv":[2.5,7.5,3,8.5],"texture":"#0"},"east":{"uv":[6.5,2,7.5,3],"texture":"#0"},"south":{"uv":[7.5,3,8,4],"texture":"#0"},"west":{"uv":[6.5,3,7.5,4],"texture":"#0"},"up":{"uv":[8,8.25,7.5,7.25],"texture":"#0"},"down":{"uv":[3.5,7.75,3,8.75],"texture":"#0"}}},{"from":[7,7.92388,2.61732],"to":[9,10.92388,4.61732],"rotation":{"angle":-22.5,"axis":"x","origin":[5,9.92388,2.61732]},"faces":{"north":{"uv":[5.75,8.25,6.25,9],"texture":"#0"},"east":{"uv":[6.25,8.25,6.75,9],"texture":"#0"},"south":{"uv":[6.75,8.25,7.25,9],"texture":"#0"},"west":{"uv":[7.25,8.25,7.75,9],"texture":"#0"},"up":{"uv":[4,9.25,3.5,8.75],"texture":"#0"},"down":{"uv":[4.5,8.75,4,9.25],"texture":"#0"}}},{"from":[7,9,7],"to":[9,12,9],"rotation":{"angle":0,"axis":"y","origin":[5,11,7]},"faces":{"north":{"uv":[7.75,8.25,8.25,9],"texture":"#0"},"east":{"uv":[8.25,8.25,8.75,9],"texture":"#0"},"south":{"uv":[0,8.5,0.5,9.25],"texture":"#0"},"west":{"uv":[0.5,8.5,1,9.25],"texture":"#0"},"up":{"uv":[5,9.25,4.5,8.75],"texture":"#0"},"down":{"uv":[5.5,8.75,5,9.25],"texture":"#0"}}},{"from":[7,7.92388,11.38268],"to":[9,10.92388,13.38268],"rotation":{"angle":22.5,"axis":"x","origin":[5,9.92388,13.38268]},"faces":{"north":{"uv":[1,8.5,1.5,9.25],"texture":"#0"},"east":{"uv":[1.5,8.5,2,9.25],"texture":"#0"},"south":{"uv":[2,8.5,2.5,9.25],"texture":"#0"},"west":{"uv":[2.5,8.5,3,9.25],"texture":"#0"},"up":{"uv":[9.25,7.25,8.75,6.75],"texture":"#0"},"down":{"uv":[9.25,7.25,8.75,7.75],"texture":"#0"}}},{"from":[8,10.92388,2.61732],"to":[8,12.92388,4.61732],"rotation":{"angle":-22.5,"axis":"x","origin":[5,9.92388,2.61732]},"faces":{"north":{"uv":[0,0,0,0.5],"texture":"#0"},"east":{"uv":[8.75,7.75,9.25,8.25],"texture":"#0"},"south":{"uv":[0,0,0,0.5],"texture":"#0"},"west":{"uv":[8.75,8.25,9.25,8.75],"texture":"#0"},"up":{"uv":[0,0.5,0,0],"texture":"#0"},"down":{"uv":[0,0,0,0.5],"texture":"#0"}}},{"from":[7,10.92388,3.61732],"to":[9,12.92388,3.61732],"rotation":{"angle":-22.5,"axis":"x","origin":[5,9.92388,2.61732]},"faces":{"north":{"uv":[8.75,8.75,9.25,9.25],"texture":"#0"},"east":{"uv":[0,0,0,0.5],"texture":"#0"},"south":{"uv":[9,5,9.5,5.5],"texture":"#0"},"west":{"uv":[0,0,0,0.5],"texture":"#0"},"up":{"uv":[0.5,0,0,0],"texture":"#0"},"down":{"uv":[0.5,0,0,0],"texture":"#0"}}},{"from":[7,10.92388,12.38268],"to":[9,12.92388,12.38268],"rotation":{"angle":22.5,"axis":"x","origin":[5,9.92388,13.38268]},"faces":{"north":{"uv":[5.5,9,6,9.5],"texture":"#0"},"east":{"uv":[0,0,0,0.5],"texture":"#0"},"south":{"uv":[6,9,6.5,9.5],"texture":"#0"},"west":{"uv":[0,0,0,0.5],"texture":"#0"},"up":{"uv":[0.5,0,0,0],"texture":"#0"},"down":{"uv":[0.5,0,0,0],"texture":"#0"}}},{"from":[8,10.92388,11.38268],"to":[8,12.92388,13.38268],"rotation":{"angle":22.5,"axis":"x","origin":[5,9.92388,13.38268]},"faces":{"north":{"uv":[0,0,0,0.5],"texture":"#0"},"east":{"uv":[6.5,9,7,9.5],"texture":"#0"},"south":{"uv":[0,0,0,0.5],"texture":"#0"},"west":{"uv":[7,9,7.5,9.5],"texture":"#0"},"up":{"uv":[0,0.5,0,0],"texture":"#0"},"down":{"uv":[0,0,0,0.5],"texture":"#0"}}},{"from":[7,12,8],"to":[9,14,8],"rotation":{"angle":0,"axis":"y","origin":[5,14,7]},"faces":{"north":{"uv":[7.5,9,8,9.5],"texture":"#0"},"east":{"uv":[0,0,0,0.5],"texture":"#0"},"south":{"uv":[8,9,8.5,9.5],"texture":"#0"},"west":{"uv":[0,0,0,0.5],"texture":"#0"},"up":{"uv":[0.5,0,0,0],"texture":"#0"},"down":{"uv":[0.5,0,0,0],"texture":"#0"}}},{"from":[8,12,7],"to":[8,14,9],"rotation":{"angle":0,"axis":"y","origin":[5,14,7]},"faces":{"north":{"uv":[0,0,0,0.5],"texture":"#0"},"east":{"uv":[0,9.25,0.5,9.75],"texture":"#0"},"south":{"uv":[0,0,0,0.5],"texture":"#0"},"west":{"uv":[0.5,9.25,1,9.75],"texture":"#0"},"up":{"uv":[0,0.5,0,0],"texture":"#0"},"down":{"uv":[0,0,0,0.5],"texture":"#0"}}},{"from":[5.25,-0.45042,3.93089],"to":[10.75,0.54958,3.93089],"rotation":{"angle":-22.5,"axis":"x","origin":[11,-3.45042,4.68089]},"faces":{"north":{"uv":[8,3.75,9.5,4],"texture":"#0"},"east":{"uv":[0,0,0,0.25],"texture":"#0"},"south":{"uv":[8.5,4,10,4.25],"texture":"#0"},"west":{"uv":[0,0,0,0.25],"texture":"#0"},"up":{"uv":[1.5,0,0,0],"texture":"#0"},"down":{"uv":[1.5,0,0,0],"texture":"#0"}}},{"from":[5.5,-1,3.25],"to":[10.5,0,3.25],"rotation":{"angle":0,"axis":"y","origin":[11,-2,3]},"faces":{"north":{"uv":[8.5,4.25,9.75,4.5],"texture":"#0"},"east":{"uv":[0,0,0,0.25],"texture":"#0"},"south":{"uv":[8.5,4.5,9.75,4.75],"texture":"#0"},"west":{"uv":[0,0,0,0.25],"texture":"#0"},"up":{"uv":[1.25,0,0,0],"texture":"#0"},"down":{"uv":[1.25,0,0,0],"texture":"#0"}}},{"from":[5.5,-1,3.25],"to":[5.5,0,8],"rotation":{"angle":0,"axis":"y","origin":[11,-2,3]},"faces":{"north":{"uv":[0,0,0,0.25],"texture":"#0"},"east":{"uv":[8.5,4.75,9.75,5],"texture":"#0"},"south":{"uv":[0,0,0,0.25],"texture":"#0"},"west":{"uv":[8.5,5.5,9.75,5.75],"texture":"#0"},"up":{"uv":[0,1.25,0,0],"texture":"#0"},"down":{"uv":[0,0,0,1.25],"texture":"#0"}}},{"from":[5.25,-0.45042,3.93089],"to":[5.25,0.54958,11.68089],"rotation":{"angle":-22.5,"axis":"x","origin":[11,-3.45042,4.68089]},"faces":{"north":{"uv":[0,0,0,0.25],"texture":"#0"},"east":{"uv":[7.75,6,9.75,6.25],"texture":"#0"},"south":{"uv":[0,0,0,0.25],"texture":"#0"},"west":{"uv":[7.75,6.25,9.75,6.5],"texture":"#0"},"up":{"uv":[0,2,0,0],"texture":"#0"},"down":{"uv":[0,0,0,2],"texture":"#0"}}},{"from":[10.75,-0.45042,3.93089],"to":[10.75,0.54958,11.68089],"rotation":{"angle":-22.5,"axis":"x","origin":[5,-3.45042,4.68089]},"faces":{"north":{"uv":[0,0,0,0.25],"texture":"#0"},"east":{"uv":[7.75,6.5,9.75,6.75],"texture":"#0"},"south":{"uv":[0,0,0,0.25],"texture":"#0"},"west":{"uv":[8,0,10,0.25],"texture":"#0"},"up":{"uv":[0,2,0,0],"texture":"#0"},"down":{"uv":[0,0,0,2],"texture":"#0"}}},{"from":[10.5,-1,3.25],"to":[10.5,0,8],"rotation":{"angle":0,"axis":"y","origin":[5,-2,3]},"faces":{"north":{"uv":[0,0,0,0.25],"texture":"#0"},"east":{"uv":[8.5,5.75,9.75,6],"texture":"#0"},"south":{"uv":[0,0,0,0.25],"texture":"#0"},"west":{"uv":[8.75,0.25,10,0.5],"texture":"#0"},"up":{"uv":[0,1.25,0,0],"texture":"#0"},"down":{"uv":[0,0,0,1.25],"texture":"#0"}}},{"from":[4,4,2],"to":[7,7,3],"rotation":{"angle":-22.5,"axis":"z","origin":[5.5,5.5,2.5]},"faces":{"north":{"uv":[3.25,7,4,7.75],"texture":"#0"},"east":{"uv":[8.5,9,8.75,9.75],"texture":"#0"},"south":{"uv":[7,6,7.75,6.75],"texture":"#0"},"west":{"uv":[9.25,0.5,9.5,1.25],"texture":"#0"},"up":{"uv":[2.5,7,1.75,6.75],"texture":"#0"},"down":{"uv":[9.5,3.5,8.75,3.75],"texture":"#0"}}},{"from":[9,4,2],"to":[12,7,3],"rotation":{"angle":22.5,"axis":"z","origin":[10.5,5.5,2.5]},"faces":{"north":{"uv":[0,7.25,0.75,8],"texture":"#0"},"east":{"uv":[1,9.25,1.25,10],"texture":"#0"},"south":{"uv":[0.75,7.25,1.5,8],"texture":"#0"},"west":{"uv":[1.25,9.25,1.5,10],"texture":"#0"},"up":{"uv":[10,1.5,9.25,1.25],"texture":"#0"},"down":{"uv":[2.25,9.25,1.5,9.5],"texture":"#0"}}},{"from":[5,0,3],"to":[11,2,10],"rotation":{"angle":0,"axis":"y","origin":[5,-1,3]},"faces":{"north":{"uv":[5,6.75,6.5,7.25],"texture":"#0"},"east":{"uv":[6.5,5,8.25,5.5],"texture":"#0"},"south":{"uv":[6.5,6.75,8,7.25],"texture":"#0"},"west":{"uv":[0,6.75,1.75,7.25],"texture":"#0"},"up":{"uv":[6.5,5.75,5,4],"texture":"#0"},"down":{"uv":[4,5.25,2.5,7],"texture":"#0"}}},{"from":[5,-2.45042,3.68089],"to":[11,-0.45042,11.68089],"rotation":{"angle":-22.5,"axis":"x","origin":[5,-3.45042,4.68089]},"faces":{"north":{"uv":[1.75,7,3.25,7.5],"texture":"#0"},"east":{"uv":[6.5,4,8.5,4.5],"texture":"#0"},"south":{"uv":[7,5.5,8.5,6],"texture":"#0"},"west":{"uv":[6.5,4.5,8.5,5],"texture":"#0"},"up":{"uv":[6.5,2,5,0],"texture":"#0"},"down":{"uv":[6.5,2,5,4],"texture":"#0"}}},{"from":[3,2,3],"to":[13,9,13],"rotation":{"angle":0,"axis":"y","origin":[5,3,3]},"faces":{"north":{"uv":[2.5,0,5,1.75],"texture":"#0"},"east":{"uv":[2.5,1.75,5,3.5],"texture":"#0"},"south":{"uv":[2.5,3.5,5,5.25],"texture":"#0"},"west":{"uv":[0,5,2.5,6.75],"texture":"#0"},"up":{"uv":[2.5,2.5,0,0],"texture":"#0"},"down":{"uv":[2.5,2.5,0,5],"texture":"#0"}}}],"gui_light":"front","display":{"thirdperson_righthand":{"translation":[0,0.75,-2.5]},"thirdperson_lefthand":{"translation":[0,0.75,-2.5]},"firstperson_righthand":{"rotation":[11,0,0],"translation":[2,1.5,0]},"firstperson_lefthand":{"rotation":[11,0,0],"translation":[2,1.5,0]},"ground":{"translation":[0,3,0],"scale":[0.5,0.5,0.5]},"gui":{"rotation":[0,-159,0],"translation":[0.25,1.75,0],"scale":[0.8,0.8,0.8]},"head":{"translation":[0,6.5,0],"scale":[1.6,1.6,1.6]},"fixed":{"translation":[0,6.25,-10],"scale":[2,2,2]}},"groups":[{"name":"halloween_skeleton_hat","origin":[5.5,5.5,2.5],"color":0,"children":[{"name":"bolt","origin":[-6.81371,-2.24264,4],"color":0,"children":[0,1,2,3,4,5,6,7]},{"name":"spikes","origin":[5,14,7],"color":0,"children":[8,9,10,11,12,13,14,15,16]},{"name":"teeth","origin":[5,-2,3],"color":0,"children":[17,18,19,20,21,22]},{"name":"eyes","origin":[10.5,5.5,2.5],"color":0,"children":[23,24]},{"name":"head","origin":[5,3,3],"color":0,"children":[25,26,27]}]}],"mcmodels":"b7cfd19538e7c7d6d03cb9b83a35bd5c"}