{
    "model": {
        "type": "range_dispatch",
        "property": "custom_model_data",
        "fallback": {
            "type": "model",
            "model": "minecraft:item/leather_horse_armor",
            "tints": [
                {
                    "type": "minecraft:dye",
                    "default": -6265536
                }
            ]
        },
        "entries": [
            {
                "threshold": 1,
                "model": {
                    "type": "model",
                    "model": "modelengine:nm_alligator/leftarm",
                    "tints": [
                        {
                            "type": "minecraft:dye",
                            "default": -6265536
                        }
                    ]
                }
            },
            {
                "threshold": 2,
                "model": {
                    "type": "model",
                    "model": "modelengine:nm_squirrel_brown/nm_squirrel_brown",
                    "tints": [
                        {
                            "type": "minecraft:dye",
                            "default": -6265536
                        }
                    ]
                }
            },
            {
                "threshold": 3,
                "model": {
                    "type": "model",
                    "model": "modelengine:nm_alligator/tail",
                    "tints": [
                        {
                            "type": "minecraft:dye",
                            "default": -6265536
                        }
                    ]
                }
            },
            {
                "threshold": 4,
                "model": {
                    "type": "model",
                    "model": "modelengine:nm_squirrel_brown/leftarm",
                    "tints": [
                        {
                            "type": "minecraft:dye",
                            "default": -6265536
                        }
                    ]
                }
            },
            {
                "threshold": 5,
                "model": {
                    "type": "model",
                    "model": "modelengine:nm_squirrel_brown/rightleg",
                    "tints": [
                        {
                            "type": "minecraft:dye",
                            "default": -6265536
                        }
                    ]
                }
            },
            {
                "threshold": 6,
                "model": {
                    "type": "model",
                    "model": "modelengine:nm_squirrel_brown/tail",
                    "tints": [
                        {
                            "type": "minecraft:dye",
                            "default": -6265536
                        }
                    ]
                }
            },
            {
                "threshold": 7,
                "model": {
                    "type": "model",
                    "model": "modelengine:nm_robin/head",
                    "tints": [
                        {
                            "type": "minecraft:dye",
                            "default": -6265536
                        }
                    ]
                }
            },
            {
                "threshold": 8,
                "model": {
                    "type": "model",
                    "model": "modelengine:nm_robin/lowerbeak",
                    "tints": [
                        {
                            "type": "minecraft:dye",
                            "default": -6265536
                        }
                    ]
                }
            },
            {
                "threshold": 9,
                "model": {
                    "type": "model",
                    "model": "modelengine:nm_alligator/base",
                    "tints": [
                        {
                            "type": "minecraft:dye",
                            "default": -6265536
                        }
                    ]
                }
            },
            {
                "threshold": 10,
                "model": {
                    "type": "model",
                    "model": "modelengine:nm_robin/rightwing",
                    "tints": [
                        {
                            "type": "minecraft:dye",
                            "default": -6265536
                        }
                    ]
                }
            },
            {
                "threshold": 11,
                "model": {
                    "type": "model",
                    "model": "modelengine:nm_squirrel_brown/leftleg",
                    "tints": [
                        {
                            "type": "minecraft:dye",
                            "default": -6265536
                        }
                    ]
                }
            },
            {
                "threshold": 12,
                "model": {
                    "type": "model",
                    "model": "modelengine:nm_squirrel_brown/rightarm",
                    "tints": [
                        {
                            "type": "minecraft:dye",
                            "default": -6265536
                        }
                    ]
                }
            },
            {
                "threshold": 13,
                "model": {
                    "type": "model",
                    "model": "modelengine:nm_squirrel_brown/head",
                    "tints": [
                        {
                            "type": "minecraft:dye",
                            "default": -6265536
                        }
                    ]
                }
            },
            {
                "threshold": 14,
                "model": {
                    "type": "model",
                    "model": "modelengine:nm_cardinal/rightleg",
                    "tints": [
                        {
                            "type": "minecraft:dye",
                            "default": -6265536
                        }
                    ]
                }
            },
            {
                "threshold": 15,
                "model": {
                    "type": "model",
                    "model": "modelengine:nm_cardinal/leftleg",
                    "tints": [
                        {
                            "type": "minecraft:dye",
                            "default": -6265536
                        }
                    ]
                }
            },
            {
                "threshold": 16,
                "model": {
                    "type": "model",
                    "model": "modelengine:nm_cardinal/torso",
                    "tints": [
                        {
                            "type": "minecraft:dye",
                            "default": -6265536
                        }
                    ]
                }
            },
            {
                "threshold": 17,
                "model": {
                    "type": "model",
                    "model": "modelengine:nm_cardinal/leftwing",
                    "tints": [
                        {
                            "type": "minecraft:dye",
                            "default": -6265536
                        }
                    ]
                }
            },
            {
                "threshold": 18,
                "model": {
                    "type": "model",
                    "model": "modelengine:nm_cardinal/tailwing",
                    "tints": [
                        {
                            "type": "minecraft:dye",
                            "default": -6265536
                        }
                    ]
                }
            },
            {
                "threshold": 19,
                "model": {
                    "type": "model",
                    "model": "modelengine:nm_cardinal/rightwing",
                    "tints": [
                        {
                            "type": "minecraft:dye",
                            "default": -6265536
                        }
                    ]
                }
            },
            {
                "threshold": 20,
                "model": {
                    "type": "model",
                    "model": "modelengine:nm_cardinal/head",
                    "tints": [
                        {
                            "type": "minecraft:dye",
                            "default": -6265536
                        }
                    ]
                }
            },
            {
                "threshold": 21,
                "model": {
                    "type": "model",
                    "model": "modelengine:nm_cardinal/lowerbeak",
                    "tints": [
                        {
                            "type": "minecraft:dye",
                            "default": -6265536
                        }
                    ]
                }
            },
            {
                "threshold": 22,
                "model": {
                    "type": "model",
                    "model": "modelengine:nm_blue_tit/rightleg",
                    "tints": [
                        {
                            "type": "minecraft:dye",
                            "default": -6265536
                        }
                    ]
                }
            },
            {
                "threshold": 23,
                "model": {
                    "type": "model",
                    "model": "modelengine:nm_blue_tit/leftleg",
                    "tints": [
                        {
                            "type": "minecraft:dye",
                            "default": -6265536
                        }
                    ]
                }
            },
            {
                "threshold": 24,
                "model": {
                    "type": "model",
                    "model": "modelengine:nm_blue_tit/torso",
                    "tints": [
                        {
                            "type": "minecraft:dye",
                            "default": -6265536
                        }
                    ]
                }
            },
            {
                "threshold": 25,
                "model": {
                    "type": "model",
                    "model": "modelengine:nm_blue_tit/leftwing",
                    "tints": [
                        {
                            "type": "minecraft:dye",
                            "default": -6265536
                        }
                    ]
                }
            },
            {
                "threshold": 26,
                "model": {
                    "type": "model",
                    "model": "modelengine:nm_blue_tit/tailwing",
                    "tints": [
                        {
                            "type": "minecraft:dye",
                            "default": -6265536
                        }
                    ]
                }
            },
            {
                "threshold": 27,
                "model": {
                    "type": "model",
                    "model": "modelengine:nm_blue_tit/rightwing",
                    "tints": [
                        {
                            "type": "minecraft:dye",
                            "default": -6265536
                        }
                    ]
                }
            },
            {
                "threshold": 28,
                "model": {
                    "type": "model",
                    "model": "modelengine:nm_blue_tit/head",
                    "tints": [
                        {
                            "type": "minecraft:dye",
                            "default": -6265536
                        }
                    ]
                }
            },
            {
                "threshold": 29,
                "model": {
                    "type": "model",
                    "model": "modelengine:nm_blue_tit/lowerbeak",
                    "tints": [
                        {
                            "type": "minecraft:dye",
                            "default": -6265536
                        }
                    ]
                }
            },
            {
                "threshold": 30,
                "model": {
                    "type": "model",
                    "model": "modelengine:nm_robin/rightleg",
                    "tints": [
                        {
                            "type": "minecraft:dye",
                            "default": -6265536
                        }
                    ]
                }
            },
            {
                "threshold": 31,
                "model": {
                    "type": "model",
                    "model": "modelengine:nm_robin/leftleg",
                    "tints": [
                        {
                            "type": "minecraft:dye",
                            "default": -6265536
                        }
                    ]
                }
            },
            {
                "threshold": 32,
                "model": {
                    "type": "model",
                    "model": "modelengine:nm_robin/torso",
                    "tints": [
                        {
                            "type": "minecraft:dye",
                            "default": -6265536
                        }
                    ]
                }
            },
            {
                "threshold": 33,
                "model": {
                    "type": "model",
                    "model": "modelengine:nm_robin/leftwing",
                    "tints": [
                        {
                            "type": "minecraft:dye",
                            "default": -6265536
                        }
                    ]
                }
            },
            {
                "threshold": 34,
                "model": {
                    "type": "model",
                    "model": "modelengine:nm_robin/tailwing",
                    "tints": [
                        {
                            "type": "minecraft:dye",
                            "default": -6265536
                        }
                    ]
                }
            },
            {
                "threshold": 35,
                "model": {
                    "type": "model",
                    "model": "modelengine:nm_alligator/rightarm",
                    "tints": [
                        {
                            "type": "minecraft:dye",
                            "default": -6265536
                        }
                    ]
                }
            },
            {
                "threshold": 36,
                "model": {
                    "type": "model",
                    "model": "modelengine:nm_alligator/leftleg",
                    "tints": [
                        {
                            "type": "minecraft:dye",
                            "default": -6265536
                        }
                    ]
                }
            },
            {
                "threshold": 37,
                "model": {
                    "type": "model",
                    "model": "modelengine:nm_alligator/rightleg",
                    "tints": [
                        {
                            "type": "minecraft:dye",
                            "default": -6265536
                        }
                    ]
                }
            },
            {
                "threshold": 38,
                "model": {
                    "type": "model",
                    "model": "modelengine:nm_alligator/head",
                    "tints": [
                        {
                            "type": "minecraft:dye",
                            "default": -6265536
                        }
                    ]
                }
            },
            {
                "threshold": 39,
                "model": {
                    "type": "model",
                    "model": "modelengine:nm_alligator/tail2",
                    "tints": [
                        {
                            "type": "minecraft:dye",
                            "default": -6265536
                        }
                    ]
                }
            },
            {
                "threshold": 40,
                "model": {
                    "type": "model",
                    "model": "modelengine:nm_alligator/bottomjaw",
                    "tints": [
                        {
                            "type": "minecraft:dye",
                            "default": -6265536
                        }
                    ]
                }
            },
            {
                "threshold": 41,
                "model": {
                    "type": "model",
                    "model": "modelengine:nm_squirrel_red/nm_squirrel_red",
                    "tints": [
                        {
                            "type": "minecraft:dye",
                            "default": -6265536
                        }
                    ]
                }
            },
            {
                "threshold": 42,
                "model": {
                    "type": "model",
                    "model": "modelengine:nm_squirrel_red/rightarm",
                    "tints": [
                        {
                            "type": "minecraft:dye",
                            "default": -6265536
                        }
                    ]
                }
            },
            {
                "threshold": 43,
                "model": {
                    "type": "model",
                    "model": "modelengine:nm_squirrel_red/head",
                    "tints": [
                        {
                            "type": "minecraft:dye",
                            "default": -6265536
                        }
                    ]
                }
            },
            {
                "threshold": 44,
                "model": {
                    "type": "model",
                    "model": "modelengine:nm_squirrel_red/tail",
                    "tints": [
                        {
                            "type": "minecraft:dye",
                            "default": -6265536
                        }
                    ]
                }
            },
            {
                "threshold": 45,
                "model": {
                    "type": "model",
                    "model": "modelengine:nm_squirrel_red/leftarm",
                    "tints": [
                        {
                            "type": "minecraft:dye",
                            "default": -6265536
                        }
                    ]
                }
            },
            {
                "threshold": 46,
                "model": {
                    "type": "model",
                    "model": "modelengine:nm_squirrel_red/rightleg",
                    "tints": [
                        {
                            "type": "minecraft:dye",
                            "default": -6265536
                        }
                    ]
                }
            },
            {
                "threshold": 47,
                "model": {
                    "type": "model",
                    "model": "modelengine:nm_squirrel_red/leftleg",
                    "tints": [
                        {
                            "type": "minecraft:dye",
                            "default": -6265536
                        }
                    ]
                }
            },
            {
                "threshold": 48,
                "model": {
                    "type": "model",
                    "model": "modelengine:nm_squirrel_gray/nm_squirrel_gray",
                    "tints": [
                        {
                            "type": "minecraft:dye",
                            "default": -6265536
                        }
                    ]
                }
            },
            {
                "threshold": 49,
                "model": {
                    "type": "model",
                    "model": "modelengine:nm_squirrel_gray/rightarm",
                    "tints": [
                        {
                            "type": "minecraft:dye",
                            "default": -6265536
                        }
                    ]
                }
            },
            {
                "threshold": 50,
                "model": {
                    "type": "model",
                    "model": "modelengine:nm_squirrel_gray/head",
                    "tints": [
                        {
                            "type": "minecraft:dye",
                            "default": -6265536
                        }
                    ]
                }
            },
            {
                "threshold": 51,
                "model": {
                    "type": "model",
                    "model": "modelengine:nm_squirrel_gray/tail",
                    "tints": [
                        {
                            "type": "minecraft:dye",
                            "default": -6265536
                        }
                    ]
                }
            },
            {
                "threshold": 52,
                "model": {
                    "type": "model",
                    "model": "modelengine:nm_squirrel_gray/leftarm",
                    "tints": [
                        {
                            "type": "minecraft:dye",
                            "default": -6265536
                        }
                    ]
                }
            },
            {
                "threshold": 53,
                "model": {
                    "type": "model",
                    "model": "modelengine:nm_squirrel_gray/rightleg",
                    "tints": [
                        {
                            "type": "minecraft:dye",
                            "default": -6265536
                        }
                    ]
                }
            },
            {
                "threshold": 54,
                "model": {
                    "type": "model",
                    "model": "modelengine:nm_squirrel_gray/leftleg",
                    "tints": [
                        {
                            "type": "minecraft:dye",
                            "default": -6265536
                        }
                    ]
                }
            }
        ]
    }
}