{
    "model": {
        "type": "range_dispatch",
        "property": "custom_model_data",
        "fallback": {
            "type": "model",
            "model": "minecraft:item/paper"
        },
        "entries": [
            {
                "threshold": 13000,
                "model": {
                    "type": "model",
                    "model": "minewave:item/valentine/spider_eye_flame"
                }
            },
            {
                "threshold": 20001,
                "model": {
                    "type": "model",
                    "model": "minewave:item/cosmetics/hats/crab_hat"
                }
            },
            {
                "threshold": 20002,
                "model": {
                    "type": "model",
                    "model": "minewave:item/cosmetics/hats/ice_cream_cone_hat"
                }
            },
            {
                "threshold": 20003,
                "model": {
                    "type": "model",
                    "model": "minewave:item/cosmetics/hats/farmer_hat"
                }
            },
            {
                "threshold": 20004,
                "model": {
                    "type": "model",
                    "model": "minewave:item/cosmetics/hats/gold_top_hat"
                }
            },
            {
                "threshold": 20005,
                "model": {
                    "type": "model",
                    "model": "minewave:item/cosmetics/summer_hats/surf_board_hat"
                }
            },
            {
                "threshold": 20006,
                "model": {
                    "type": "model",
                    "model": "minewave:item/cosmetics/summer_hats/shark_hat"
                }
            },
            {
                "threshold": 20007,
                "model": {
                    "type": "model",
                    "model": "minewave:item/cosmetics/christmas_hats/santa_hat"
                }
            },
            {
                "threshold": 20008,
                "model": {
                    "type": "model",
                    "model": "minewave:item/cosmetics/christmas_hats/elf_hat"
                }
            },
            {
                "threshold": 20009,
                "model": {
                    "type": "model",
                    "model": "minewave:item/cosmetics/christmas_hats/nutcracker_hat"
                }
            },
            {
                "threshold": 20010,
                "model": {
                    "type": "model",
                    "model": "minewave:item/cosmetics/christmas_hats/grinch_hat"
                }
            },
            {
                "threshold": 20011,
                "model": {
                    "type": "model",
                    "model": "minewave:item/cosmetics/spring_hats/sun_hat"
                }
            },
            {
                "threshold": 20012,
                "model": {
                    "type": "model",
                    "model": "minewave:item/cosmetics/spring_hats/raining_cloud_hat"
                }
            },
            {
                "threshold": 20013,
                "model": {
                    "type": "model",
                    "model": "minewave:item/cosmetics/spring_hats/butterfly_hat"
                }
            },
            {
                "threshold": 20014,
                "model": {
                    "type": "model",
                    "model": "minewave:item/cosmetics/spring_hats/adventure_hat"
                }
            },
            {
                "threshold": 20015,
                "model": {
                    "type": "model",
                    "model": "minewave:item/cosmetics/christmas_hats/christmas_hat"
                }
            },
            {
                "threshold": 20016,
                "model": {
                    "type": "model",
                    "model": "minewave:item/cosmetics/halloween_hats/cat_hat"
                }
            },
            {
                "threshold": 20017,
                "model": {
                    "type": "model",
                    "model": "minewave:item/cosmetics/halloween_hats/cowboy_hat"
                }
            },
            {
                "threshold": 20018,
                "model": {
                    "type": "model",
                    "model": "minewave:item/cosmetics/halloween_hats/devil_hat"
                }
            },
            {
                "threshold": 20019,
                "model": {
                    "type": "model",
                    "model": "minewave:item/cosmetics/halloween_hats/ghost_hat"
                }
            },
            {
                "threshold": 20020,
                "model": {
                    "type": "model",
                    "model": "minewave:item/cosmetics/halloween_hats/hand_hat"
                }
            },
            {
                "threshold": 20021,
                "model": {
                    "type": "model",
                    "model": "minewave:item/cosmetics/halloween_hats/hog_hat"
                }
            },
            {
                "threshold": 20022,
                "model": {
                    "type": "model",
                    "model": "minewave:item/cosmetics/halloween_hats/pumpkin_hat"
                }
            },
            {
                "threshold": 20023,
                "model": {
                    "type": "model",
                    "model": "minewave:item/cosmetics/halloween_hats/skeleton_hat"
                }
            },
            {
                "threshold": 20024,
                "model": {
                    "type": "model",
                    "model": "minewave:item/cosmetics/halloween_hats/spider_hat"
                }
            },
            {
                "threshold": 20025,
                "model": {
                    "type": "model",
                    "model": "minewave:item/cosmetics/halloween_hats/witch_hat"
                }
            },
            {
                "threshold": 20026,
                "model": {
                    "type": "model",
                    "model": "minewave:item/cosmetics/fall_hats/acorn_hat"
                }
            },
            {
                "threshold": 20027,
                "model": {
                    "type": "model",
                    "model": "minewave:item/cosmetics/fall_hats/fedora_hat"
                }
            },
            {
                "threshold": 20028,
                "model": {
                    "type": "model",
                    "model": "minewave:item/cosmetics/fall_hats/fox_hat"
                }
            },
            {
                "threshold": 20029,
                "model": {
                    "type": "model",
                    "model": "minewave:item/cosmetics/fall_hats/mushroom_hat"
                }
            },
            {
                "threshold": 20030,
                "model": {
                    "type": "model",
                    "model": "minewave:item/cosmetics/fall_hats/owl_hat"
                }
            },
            {
                "threshold": 20031,
                "model": {
                    "type": "model",
                    "model": "minewave:item/cosmetics/fall_hats/patchwork_hat"
                }
            },
            {
                "threshold": 20032,
                "model": {
                    "type": "model",
                    "model": "minewave:item/cosmetics/fall_hats/pumpkin_hat"
                }
            },
            {
                "threshold": 20033,
                "model": {
                    "type": "model",
                    "model": "minewave:item/cosmetics/fall_hats/scarecrow_hat"
                }
            },
            {
                "threshold": 20034,
                "model": {
                    "type": "model",
                    "model": "minewave:item/cosmetics/fall_hats/squirrel_hat"
                }
            },
            {
                "threshold": 20035,
                "model": {
                    "type": "model",
                    "model": "minewave:item/cosmetics/fall_hats/turkey_hat"
                }
            },
            {
                "threshold": 30000,
                "model": {
                    "type": "model",
                    "model": "minewave:item/icons/money"
                }
            }
        ]
    }
}