{
    "model": {
        "type": "range_dispatch",
        "property": "custom_model_data",
        "fallback": {
            "type": "minecraft:special",
            "base": "minecraft:item/template_skull",
            "model": {
                "type": "minecraft:head",
                "kind": "player"
            }
        },
        "entries": [
            {
                "threshold": 1,
                "model": {
                    "type": "minecraft:special",
                    "base": "minecraft:item/custom/entities/player/head",
                    "model": {
                        "type": "minecraft:head",
                        "kind": "player"
                    }
                }
            },
            {
                "threshold": 2,
                "model": {
                    "type": "minecraft:special",
                    "base": "minecraft:item/custom/entities/player/right_arm",
                    "model": {
                        "type": "minecraft:head",
                        "kind": "player"
                    }
                }
            },
            {
                "threshold": 3,
                "model": {
                    "type": "minecraft:special",
                    "base": "minecraft:item/custom/entities/player/left_arm",
                    "model": {
                        "type": "minecraft:head",
                        "kind": "player"
                    }
                }
            },
            {
                "threshold": 4,
                "model": {
                    "type": "minecraft:special",
                    "base": "minecraft:item/custom/entities/player/torso",
                    "model": {
                        "type": "minecraft:head",
                        "kind": "player"
                    }
                }
            },
            {
                "threshold": 5,
                "model": {
                    "type": "minecraft:special",
                    "base": "minecraft:item/custom/entities/player/right_leg",
                    "model": {
                        "type": "minecraft:head",
                        "kind": "player"
                    }
                }
            },
            {
                "threshold": 6,
                "model": {
                    "type": "minecraft:special",
                    "base": "minecraft:item/custom/entities/player/left_leg",
                    "model": {
                        "type": "minecraft:head",
                        "kind": "player"
                    }
                }
            },
            {
                "threshold": 7,
                "model": {
                    "type": "minecraft:special",
                    "base": "minecraft:item/custom/entities/player/slim_right",
                    "model": {
                        "type": "minecraft:head",
                        "kind": "player"
                    }
                }
            },
            {
                "threshold": 8,
                "model": {
                    "type": "minecraft:special",
                    "base": "minecraft:item/custom/entities/player/slim_left",
                    "model": {
                        "type": "minecraft:head",
                        "kind": "player"
                    }
                }
            },
            {
                "threshold": 10000,
                "model": {
                    "type": "minecraft:special",
                    "base": "_iainternal:entity/player/phead_0",
                    "model": {
                        "type": "minecraft:head",
                        "kind": "player"
                    }
                }
            },
            {
                "threshold": 10001,
                "model": {
                    "type": "minecraft:special",
                    "base": "_iainternal:entity/player/parm_left_3",
                    "model": {
                        "type": "minecraft:head",
                        "kind": "player"
                    }
                }
            },
            {
                "threshold": 10002,
                "model": {
                    "type": "minecraft:special",
                    "base": "_iainternal:entity/player/pbody_2",
                    "model": {
                        "type": "minecraft:head",
                        "kind": "player"
                    }
                }
            },
            {
                "threshold": 10003,
                "model": {
                    "type": "minecraft:special",
                    "base": "_iainternal:entity/player/pleg_left_1",
                    "model": {
                        "type": "minecraft:head",
                        "kind": "player"
                    }
                }
            },
            {
                "threshold": 10004,
                "model": {
                    "type": "minecraft:special",
                    "base": "_iainternal:entity/player/pleg_right_5",
                    "model": {
                        "type": "minecraft:head",
                        "kind": "player"
                    }
                }
            },
            {
                "threshold": 10005,
                "model": {
                    "type": "minecraft:special",
                    "base": "_iainternal:entity/player/parm_right_4",
                    "model": {
                        "type": "minecraft:head",
                        "kind": "player"
                    }
                }
            },
            {
                "threshold": 10006,
                "model": {
                    "type": "minecraft:special",
                    "base": "_iainternal:entity/player/dummy_0",
                    "model": {
                        "type": "minecraft:head",
                        "kind": "player"
                    }
                }
            },
            {
                "threshold": 10007,
                "model": {
                    "type": "minecraft:special",
                    "base": "_iainternal:entity/player/dummy_1",
                    "model": {
                        "type": "minecraft:head",
                        "kind": "player"
                    }
                }
            },
            {
                "threshold": 10008,
                "model": {
                    "type": "minecraft:special",
                    "base": "_iainternal:entity/player/dummy_2",
                    "model": {
                        "type": "minecraft:head",
                        "kind": "player"
                    }
                }
            },
            {
                "threshold": 10009,
                "model": {
                    "type": "minecraft:special",
                    "base": "_iainternal:entity/player/dummy_3",
                    "model": {
                        "type": "minecraft:head",
                        "kind": "player"
                    }
                }
            },
            {
                "threshold": 10010,
                "model": {
                    "type": "minecraft:special",
                    "base": "_iainternal:entity/player/dummy_4",
                    "model": {
                        "type": "minecraft:head",
                        "kind": "player"
                    }
                }
            },
            {
                "threshold": 10011,
                "model": {
                    "type": "minecraft:special",
                    "base": "_iainternal:entity/player/dummy_5",
                    "model": {
                        "type": "minecraft:head",
                        "kind": "player"
                    }
                }
            },
            {
                "threshold": 10012,
                "model": {
                    "type": "minecraft:special",
                    "base": "minecraft:item/item/player_head",
                    "model": {
                        "type": "minecraft:head",
                        "kind": "player"
                    }
                }
            }
        ]
    }
}