{
    "model": {
        "type": "range_dispatch",
        "property": "custom_model_data",
        "fallback": {
            "type": "model",
            "model": "minecraft:item/potion",
            "tints": [
                {
                    "type": "minecraft:potion",
                    "default": -13083194
                }
            ]
        },
        "entries": [
            {
                "threshold": 9925252,
                "model": {
                    "type": "model",
                    "model": "plny_coral_summer:helmet"
                }
            },
            {
                "threshold": 9925253,
                "model": {
                    "type": "model",
                    "model": "plny_coral_summer:wings_cosmetic"
                }
            },
            {
                "threshold": 9925254,
                "model": {
                    "type": "model",
                    "model": "plny_coral_summer:wings_cosmetic_self"
                }
            },
            {
                "threshold": 9925255,
                "model": {
                    "type": "model",
                    "model": "plny_coral_summer:wings_cosmetic_self_2"
                }
            },
            {
                "threshold": 9925256,
                "model": {
                    "type": "model",
                    "model": "plny_coral_summer:wings_cosmetic_normal_2"
                }
            },
            {
                "threshold": 9925257,
                "model": {
                    "type": "model",
                    "model": "item/potion"
                }
            }
        ]
    }
}