{
    "model": {
        "type": "range_dispatch",
        "property": "custom_model_data",
        "fallback": {
            "type": "minecraft:condition",
            "property": "minecraft:using_item",
            "on_false": {
                "type": "minecraft:special",
                "base": "minecraft:item/shield",
                "model": {
                    "type": "minecraft:shield"
                }
            },
            "on_true": {
                "type": "minecraft:special",
                "base": "minecraft:item/shield_blocking",
                "model": {
                    "type": "minecraft:shield"
                }
            }
        },
        "entries": [
            {
                "threshold": 10000,
                "model": {
                    "type": "minecraft:condition",
                    "property": "minecraft:using_item",
                    "on_false": {
                        "type": "minecraft:model",
                        "model": "plny_coral_summer:shield"
                    },
                    "on_true": {
                        "type": "minecraft:model",
                        "model": "plny_coral_summer:shield_blocking"
                    }
                }
            },
            {
                "threshold": 10002,
                "model": {
                    "type": "minecraft:condition",
                    "property": "minecraft:using_item",
                    "on_false": {
                        "type": "minecraft:model",
                        "model": "minewave:item/bunny/shield"
                    },
                    "on_true": {
                        "type": "minecraft:model",
                        "model": "minewave:item/bunny/shield_blocking"
                    }
                }
            },
            {
                "threshold": 10004,
                "model": {
                    "type": "minecraft:condition",
                    "property": "minecraft:using_item",
                    "on_false": {
                        "type": "minecraft:model",
                        "model": "minewave:item/coral_summer/shield"
                    },
                    "on_true": {
                        "type": "minecraft:model",
                        "model": "minewave:item/coral_summer/shield_blocking"
                    }
                }
            },
            {
                "threshold": 11000,
                "model": {
                    "type": "minecraft:condition",
                    "property": "minecraft:using_item",
                    "on_false": {
                        "type": "minecraft:model",
                        "model": "minewave:item/parrot/shield"
                    },
                    "on_true": {
                        "type": "minecraft:model",
                        "model": "minewave:item/parrot/shield_blocking"
                    }
                }
            },
            {
                "threshold": 12000,
                "model": {
                    "type": "minecraft:condition",
                    "property": "minecraft:using_item",
                    "on_false": {
                        "type": "minecraft:model",
                        "model": "minewave:item/dinosaur/shield"
                    },
                    "on_true": {
                        "type": "minecraft:model",
                        "model": "minewave:item/dinosaur/shield_blocking"
                    }
                }
            },
            {
                "threshold": 13000,
                "model": {
                    "type": "minecraft:condition",
                    "property": "minecraft:using_item",
                    "on_false": {
                        "type": "minecraft:model",
                        "model": "minewave:item/halloween_pumpkin/shield"
                    },
                    "on_true": {
                        "type": "minecraft:model",
                        "model": "minewave:item/halloween_pumpkin/shield_blocking"
                    }
                }
            }
        ]
    }
}