{
   "parent":"item/handheld",
   "textures":{
      "layer0":"item/mace"
   },
   "overrides":[
      {
         "predicate":{
            "custom_model_data":10001
         },
         "model":"minewave:item/blossom/mace"
      },
      {
         "predicate":{
            "custom_model_data":12000
         },
         "model":"minewave:item/newyears/mace"
      },
      {
         "predicate":{
            "custom_model_data":12001
         },
         "model":"item/mace"
      }
   ]
}