{
   "parent":"minecraft:item/handheld",
   "textures":{
      "layer0":"minecraft:item/netherite_shovel"
   },
   "overrides":[
      {
         "predicate":{
            "custom_model_data":11000
         },
         "model":"minewave:item/christmas/shovel"
      },
      {
         "predicate":{
            "custom_model_data":13000
         },
         "model":"minewave:item/valentine/shovel"
      },
      {
         "predicate":{
            "custom_model_data":13001
         },
         "model":"item/netherite_shovel"
      }
   ]
}