{
   "parent":"item/handheld",
   "textures":{
      "layer0":"item/netherite_hoe"
   },
   "overrides":[
      {
         "predicate":{
            "custom_model_data":10001
         },
         "model":"minewave:item/blossom/hoe"
      },
      {
         "predicate":{
            "custom_model_data":11000
         },
         "model":"minewave:item/christmas/hoe"
      },
      {
         "predicate":{
            "custom_model_data":13000
         },
         "model":"minewave:item/valentine/hoe"
      },
      {
         "predicate":{
            "custom_model_data":13001
         },
         "model":"item/netherite_hoe"
      }
   ]
}