{
   "parent":"item/handheld",
   "textures":{
      "layer0":"item/netherite_pickaxe"
   },
   "overrides":[
      {
         "predicate":{
            "custom_model_data":10001
         },
         "model":"minewave:item/blossom/pickaxe"
      },
      {
         "predicate":{
            "custom_model_data":11000
         },
         "model":"minewave:item/christmas/pickaxe"
      },
      {
         "predicate":{
            "custom_model_data":11001
         },
         "model":"item/netherite_pickaxe"
      }
   ]
}