{
   "parent":"minecraft:item/generated",
   "textures":{
      "layer0":"minecraft:item/paper"
   },
   "overrides":[
      {
         "predicate":{
            "custom_model_data":13000
         },
         "model":"minewave:item/valentine/spider_eye_flame"
      },
      {
         "predicate":{
            "custom_model_data":20001
         },
         "model":"minewave:item/cosmetics/hats/crab_hat"
      },
      {
         "predicate":{
            "custom_model_data":20002
         },
         "model":"minewave:item/cosmetics/hats/ice_cream_cone_hat"
      },
      {
         "predicate":{
            "custom_model_data":20003
         },
         "model":"minewave:item/cosmetics/hats/farmer_hat"
      },
      {
         "predicate":{
            "custom_model_data":20004
         },
         "model":"minewave:item/cosmetics/hats/gold_top_hat"
      },
      {
         "predicate":{
            "custom_model_data":20005
         },
         "model":"minewave:item/cosmetics/summer_hats/surf_board_hat"
      },
      {
         "predicate":{
            "custom_model_data":20006
         },
         "model":"minewave:item/cosmetics/summer_hats/shark_hat"
      },
      {
         "predicate":{
            "custom_model_data":20007
         },
         "model":"minewave:item/cosmetics/christmas_hats/santa_hat"
      },
      {
         "predicate":{
            "custom_model_data":20008
         },
         "model":"minewave:item/cosmetics/christmas_hats/elf_hat"
      },
      {
         "predicate":{
            "custom_model_data":20009
         },
         "model":"minewave:item/cosmetics/christmas_hats/nutcracker_hat"
      },
      {
         "predicate":{
            "custom_model_data":20010
         },
         "model":"minewave:item/cosmetics/christmas_hats/grinch_hat"
      },
      {
         "predicate":{
            "custom_model_data":20011
         },
         "model":"minewave:item/cosmetics/spring_hats/sun_hat"
      },
      {
         "predicate":{
            "custom_model_data":20012
         },
         "model":"minewave:item/cosmetics/spring_hats/raining_cloud_hat"
      },
      {
         "predicate":{
            "custom_model_data":20013
         },
         "model":"minewave:item/cosmetics/spring_hats/butterfly_hat"
      },
      {
         "predicate":{
            "custom_model_data":20014
         },
         "model":"minewave:item/cosmetics/spring_hats/adventure_hat"
      },
      {
         "predicate":{
            "custom_model_data":20015
         },
         "model":"minewave:item/cosmetics/christmas_hats/christmas_hat"
      },
      {
         "predicate":{
            "custom_model_data":20016
         },
         "model":"minewave:item/cosmetics/halloween_hats/cat_hat"
      },
      {
         "predicate":{
            "custom_model_data":20017
         },
         "model":"minewave:item/cosmetics/halloween_hats/cowboy_hat"
      },
      {
         "predicate":{
            "custom_model_data":20018
         },
         "model":"minewave:item/cosmetics/halloween_hats/devil_hat"
      },
      {
         "predicate":{
            "custom_model_data":20019
         },
         "model":"minewave:item/cosmetics/halloween_hats/ghost_hat"
      },
      {
         "predicate":{
            "custom_model_data":20020
         },
         "model":"minewave:item/cosmetics/halloween_hats/hand_hat"
      },
      {
         "predicate":{
            "custom_model_data":20021
         },
         "model":"minewave:item/cosmetics/halloween_hats/hog_hat"
      },
      {
         "predicate":{
            "custom_model_data":20022
         },
         "model":"minewave:item/cosmetics/halloween_hats/pumpkin_hat"
      },
      {
         "predicate":{
            "custom_model_data":20023
         },
         "model":"minewave:item/cosmetics/halloween_hats/skeleton_hat"
      },
      {
         "predicate":{
            "custom_model_data":20024
         },
         "model":"minewave:item/cosmetics/halloween_hats/spider_hat"
      },
      {
         "predicate":{
            "custom_model_data":20025
         },
         "model":"minewave:item/cosmetics/halloween_hats/witch_hat"
      },
      {
         "predicate":{
            "custom_model_data":20026
         },
         "model":"minewave:item/cosmetics/fall_hats/acorn_hat"
      },
      {
         "predicate":{
            "custom_model_data":20027
         },
         "model":"minewave:item/cosmetics/fall_hats/fedora_hat"
      },
      {
         "predicate":{
            "custom_model_data":20028
         },
         "model":"minewave:item/cosmetics/fall_hats/fox_hat"
      },
      {
         "predicate":{
            "custom_model_data":20029
         },
         "model":"minewave:item/cosmetics/fall_hats/mushroom_hat"
      },
      {
         "predicate":{
            "custom_model_data":20030
         },
         "model":"minewave:item/cosmetics/fall_hats/owl_hat"
      },
      {
         "predicate":{
            "custom_model_data":20031
         },
         "model":"minewave:item/cosmetics/fall_hats/patchwork_hat"
      },
      {
         "predicate":{
            "custom_model_data":20032
         },
         "model":"minewave:item/cosmetics/fall_hats/pumpkin_hat"
      },
      {
         "predicate":{
            "custom_model_data":20033
         },
         "model":"minewave:item/cosmetics/fall_hats/scarecrow_hat"
      },
      {
         "predicate":{
            "custom_model_data":20034
         },
         "model":"minewave:item/cosmetics/fall_hats/squirrel_hat"
      },
      {
         "predicate":{
            "custom_model_data":20035
         },
         "model":"minewave:item/cosmetics/fall_hats/turkey_hat"
      },
      {
         "predicate":{
            "custom_model_data":30000
         },
         "model":"minewave:item/icons/money"
      },
      {
         "predicate":{
            "custom_model_data":30001
         },
         "model":"item/paper"
      }
   ]
}