{"credit":"Made with Blockbench","texture_size":[64,64],"textures":{"0":"minewave:item/cosmetics/fall_hats/fedora_hat_texture","particle":"minewave:item/cosmetics/fall_hats/fedora_hat_texture"},"elements":[{"from":[2.75,1,13.25],"to":[13.25,3,13.25],"rotation":{"angle":0,"axis":"y","origin":[3,1,13.25]},"faces":{"north":{"uv":[7.25,2.5,10,3],"texture":"#0"},"east":{"uv":[0,0,0,0.5],"texture":"#0"},"south":{"uv":[7.25,3,10,3.5],"texture":"#0"},"west":{"uv":[0,0,0,0.5],"texture":"#0"},"up":{"uv":[2.75,0,0,0],"texture":"#0"},"down":{"uv":[2.75,0,0,0],"texture":"#0"}}},{"from":[13.25,1,2.75],"to":[13.25,3,13.25],"rotation":{"angle":0,"axis":"y","origin":[13,1,2.75]},"faces":{"north":{"uv":[0,0,0,0.5],"texture":"#0"},"east":{"uv":[7.25,4.5,10,5],"texture":"#0"},"south":{"uv":[0,0,0,0.5],"texture":"#0"},"west":{"uv":[7.25,5,10,5.5],"texture":"#0"},"up":{"uv":[0,2.75,0,0],"texture":"#0"},"down":{"uv":[0,0,0,2.75],"texture":"#0"}}},{"from":[2.75,1,2.75],"to":[13.25,3,2.75],"rotation":{"angle":0,"axis":"y","origin":[3,1,2.75]},"faces":{"north":{"uv":[5.5,7,8.25,7.5],"texture":"#0"},"east":{"uv":[0,0,0,0.5],"texture":"#0"},"south":{"uv":[7.25,2,10,2.5],"texture":"#0"},"west":{"uv":[0,0,0,0.5],"texture":"#0"},"up":{"uv":[2.75,0,0,0],"texture":"#0"},"down":{"uv":[2.75,0,0,0],"texture":"#0"}}},{"from":[2.75,1,2.75],"to":[2.75,3,13.25],"rotation":{"angle":0,"axis":"y","origin":[3,1,2.75]},"faces":{"north":{"uv":[0,0,0,0.5],"texture":"#0"},"east":{"uv":[7.25,3.5,10,4],"texture":"#0"},"south":{"uv":[0,0,0,0.5],"texture":"#0"},"west":{"uv":[7.25,4,10,4.5],"texture":"#0"},"up":{"uv":[0,2.75,0,0],"texture":"#0"},"down":{"uv":[0,0,0,2.75],"texture":"#0"}}},{"from":[3,1,3],"to":[13,5,13],"rotation":{"angle":0,"axis":"y","origin":[3,1,3]},"faces":{"north":{"uv":[4,5,6.5,6],"texture":"#0"},"east":{"uv":[4,6,6.5,7],"texture":"#0"},"south":{"uv":[6.5,0,9,1],"texture":"#0"},"west":{"uv":[6.5,1,9,2],"texture":"#0"},"up":{"uv":[6.5,2.5,4,0],"texture":"#0"},"down":{"uv":[6.5,2.5,4,5],"texture":"#0"}}},{"from":[10,5,3],"to":[13,7,13],"rotation":{"angle":0,"axis":"y","origin":[3,5,3]},"faces":{"north":{"uv":[0,8.25,0.75,8.75],"texture":"#0"},"east":{"uv":[7.25,5.5,9.75,6],"texture":"#0"},"south":{"uv":[0.75,8.25,1.5,8.75],"texture":"#0"},"west":{"uv":[7.25,6,9.75,6.5],"texture":"#0"},"up":{"uv":[7.25,4.5,6.5,2],"texture":"#0"},"down":{"uv":[7.25,4.5,6.5,7],"texture":"#0"}}},{"from":[3,5,3],"to":[6,7,13],"rotation":{"angle":0,"axis":"y","origin":[13,5,3]},"faces":{"north":{"uv":[1.5,8.25,2.25,8.75],"texture":"#0"},"east":{"uv":[7.25,6.5,9.75,7],"texture":"#0"},"south":{"uv":[2.25,8.25,3,8.75],"texture":"#0"},"west":{"uv":[5.5,7.5,8,8],"texture":"#0"},"up":{"uv":[4.75,9.5,4,7],"texture":"#0"},"down":{"uv":[5.5,7,4.75,9.5],"texture":"#0"}}},{"from":[0,0,0],"to":[16,1,16],"rotation":{"angle":0,"axis":"y","origin":[3,0,3]},"faces":{"north":{"uv":[0,8,4,8.25],"texture":"#0"},"east":{"uv":[5.5,8,9.5,8.25],"texture":"#0"},"south":{"uv":[8,7.5,12,7.75],"texture":"#0"},"west":{"uv":[8,7.75,12,8],"texture":"#0"},"up":{"uv":[4,4,0,0],"texture":"#0"},"down":{"uv":[4,4,0,8],"texture":"#0"}}}],"gui_light":"front","display":{"thirdperson_righthand":{"translation":[0,4,-4.25],"scale":[0.8,0.8,0.8]},"thirdperson_lefthand":{"translation":[0,4,-4.25],"scale":[0.8,0.8,0.8]},"firstperson_righthand":{"rotation":[12,0,0],"translation":[1.25,2,0]},"firstperson_lefthand":{"rotation":[12,0,0],"translation":[1.25,2,0]},"ground":{"translation":[0,2,0],"scale":[0.5,0.5,0.5]},"gui":{"rotation":[26,17,0],"translation":[0,3.5,0],"scale":[0.75,0.75,0.75]},"head":{"translation":[0,14.5,0],"scale":[1.6,1.6,1.6]},"fixed":{"rotation":[-90,0,0],"translation":[0,0,-16],"scale":[2,2,2]}},"groups":[{"name":"fedora_hat","origin":[3,5,3],"color":0,"children":[{"name":"band","origin":[3,1,2.75],"color":0,"children":[0,1,2,3]},4,5,6,7]}],"mcmodels":"927de46ea2ff7b69f54bebab4c22faf2"}