{"credit":"Made with Blockbench","texture_size":[64,64],"textures":{"0":"minewave:item/cosmetics/fall_hats/fox_hat_texture","particle":"minewave:item/cosmetics/fall_hats/fox_hat_texture"},"elements":[{"from":[6,0,0],"to":[10,3,3],"rotation":{"angle":0,"axis":"y","origin":[3,1,-7]},"faces":{"north":{"uv":[6.5,7.25,7.5,8],"texture":"#0"},"east":{"uv":[5.75,7.25,6.5,8],"texture":"#0"},"south":{"uv":[8.25,7.25,9.25,8],"texture":"#0"},"west":{"uv":[7.5,7.25,8.25,8],"texture":"#0"},"up":{"uv":[7.5,7.25,6.5,6.5],"texture":"#0"},"down":{"uv":[8.5,6.5,7.5,7.25],"texture":"#0"}}},{"from":[3,0,3],"to":[13,6,13],"rotation":{"angle":0,"axis":"y","origin":[3,1,3]},"faces":{"north":{"uv":[2.5,2.5,5,4],"texture":"#0"},"east":{"uv":[0,2.5,2.5,4],"texture":"#0"},"south":{"uv":[7.5,2.5,10,4],"texture":"#0"},"west":{"uv":[5,2.5,7.5,4],"texture":"#0"},"up":{"uv":[5,2.5,2.5,0],"texture":"#0"},"down":{"uv":[7.5,0,5,2.5],"texture":"#0"}}},{"from":[6,0,10],"to":[10,4,19],"rotation":{"angle":45,"axis":"x","origin":[8,1,12]},"faces":{"north":{"uv":[2.25,6.25,3.25,7.25],"texture":"#0"},"east":{"uv":[0,6.25,2.25,7.25],"texture":"#0"},"south":{"uv":[5.5,6.25,6.5,7.25],"texture":"#0"},"west":{"uv":[3.25,6.25,5.5,7.25],"texture":"#0"},"up":{"uv":[3.25,6.25,2.25,4],"texture":"#0"},"down":{"uv":[4.25,4,3.25,6.25],"texture":"#0"}}},{"from":[2,0,15],"to":[6,4,19],"rotation":{"angle":45,"axis":"x","origin":[4,1,12]},"faces":{"north":{"uv":[5.25,5,6.25,6],"texture":"#0"},"east":{"uv":[4.25,5,5.25,6],"texture":"#0"},"south":{"uv":[7.25,5,8.25,6],"texture":"#0"},"west":{"uv":[6.25,5,7.25,6],"texture":"#0"},"up":{"uv":[6.25,5,5.25,4],"texture":"#0"},"down":{"uv":[7.25,4,6.25,5],"texture":"#0"}}},{"from":[11,4.5,5],"to":[16,7.5,7],"rotation":{"angle":45,"axis":"z","origin":[13,6,5.5]},"faces":{"north":{"uv":[8,0.5,9.25,1.25],"texture":"#0"},"east":{"uv":[7.5,0.5,8,1.25],"texture":"#0"},"south":{"uv":[9.75,0.5,11,1.25],"texture":"#0"},"west":{"uv":[9.25,0.5,9.75,1.25],"texture":"#0"},"up":{"uv":[9.25,0.5,8,0],"texture":"#0"},"down":{"uv":[10.5,0,9.25,0.5],"texture":"#0"}}},{"from":[0,4.5,5],"to":[5,7.5,7],"rotation":{"angle":-45,"axis":"z","origin":[3,6,5.5]},"faces":{"north":{"uv":[0.5,7.75,1.75,8.5],"texture":"#0"},"east":{"uv":[0,7.75,0.5,8.5],"texture":"#0"},"south":{"uv":[2.25,7.75,3.5,8.5],"texture":"#0"},"west":{"uv":[1.75,7.75,2.25,8.5],"texture":"#0"},"up":{"uv":[1.75,7.75,0.5,7.25],"texture":"#0"},"down":{"uv":[3,7.25,1.75,7.75],"texture":"#0"}}}],"gui_light":"front","display":{"thirdperson_righthand":{"translation":[0,4,-4],"scale":[0.8,0.8,0.8]},"thirdperson_lefthand":{"translation":[0,4,-4],"scale":[0.8,0.8,0.8]},"firstperson_righthand":{"rotation":[12,0,0],"translation":[1.25,2,0]},"firstperson_lefthand":{"rotation":[12,0,0],"translation":[1.25,2,0]},"ground":{"translation":[0,2.5,0],"scale":[0.5,0.5,0.5]},"gui":{"rotation":[20,155,0],"translation":[-0.5,3.5,0],"scale":[0.83,0.83,0.83]},"head":{"translation":[0,13.75,0],"scale":[1.6,1.6,1.6]},"fixed":{"rotation":[-90,0,0],"translation":[0,0,-16],"scale":[2,2,2]}},"groups":[{"name":"fox_hat","origin":[3,10,5.5],"color":0,"children":[0,1,2,3,4,5]}],"mcmodels":"927de46ea2ff7b69f54bebab4c22faf2"}