{"credit":"Made with Blockbench","texture_size":[128,128],"textures":{"0":"minewave:item/cosmetics/fall_hats/mushroom_hat_texture","particle":"minewave:item/cosmetics/fall_hats/mushroom_hat_texture"},"elements":[{"from":[3,0,3],"to":[13,3,13],"rotation":{"angle":0,"axis":"y","origin":[3,0,3]},"faces":{"north":{"uv":[1.25,6,2.5,6.375],"texture":"#0"},"east":{"uv":[0,6,1.25,6.375],"texture":"#0"},"south":{"uv":[3.75,6,5,6.375],"texture":"#0"},"west":{"uv":[2.5,6,3.75,6.375],"texture":"#0"},"up":{"uv":[2.5,6,1.25,4.75],"texture":"#0"},"down":{"uv":[3.75,4.75,2.5,6],"texture":"#0"}}},{"from":[0,3,0],"to":[16,9,16],"rotation":{"angle":0,"axis":"y","origin":[8,6,8]},"faces":{"north":{"uv":[2,2,4,2.75],"texture":"#0"},"east":{"uv":[0,2,2,2.75],"texture":"#0"},"south":{"uv":[6,2,8,2.75],"texture":"#0"},"west":{"uv":[4,2,6,2.75],"texture":"#0"},"up":{"uv":[4,2,2,0],"texture":"#0"},"down":{"uv":[6,0,4,2],"texture":"#0"}}},{"from":[-0.25,5.25,-0.25],"to":[16.25,9.25,-0.25],"rotation":{"angle":0,"axis":"y","origin":[8,6.25,8]},"faces":{"north":{"uv":[6,0,8,0.5],"texture":"#0"},"east":{"uv":[6,0,6,0.5],"texture":"#0"},"south":{"uv":[8,0,10,0.5],"texture":"#0"},"west":{"uv":[8,0,8,0.5],"texture":"#0"},"up":{"uv":[8,0,6,0],"texture":"#0"},"down":{"uv":[10,0,8,0],"texture":"#0"}}},{"from":[-0.25,9.25,-0.25],"to":[16.25,9.25,16.25],"rotation":{"angle":0,"axis":"y","origin":[8,6.25,8]},"faces":{"north":{"uv":[2,4.75,4,4.75],"texture":"#0"},"east":{"uv":[0,4.75,2,4.75],"texture":"#0"},"south":{"uv":[6,4.75,8,4.75],"texture":"#0"},"west":{"uv":[4,4.75,6,4.75],"texture":"#0"},"up":{"uv":[4,4.75,2,2.75],"texture":"#0"},"down":{"uv":[6,2.75,4,4.75],"texture":"#0"}}},{"from":[-0.25,5.25,-0.25],"to":[-0.25,9.25,16.25],"rotation":{"angle":0,"axis":"y","origin":[8,6.25,8]},"faces":{"north":{"uv":[5.75,5.25,5.75,5.75],"texture":"#0"},"east":{"uv":[3.75,5.25,5.75,5.75],"texture":"#0"},"south":{"uv":[7.75,5.25,7.75,5.75],"texture":"#0"},"west":{"uv":[5.75,5.25,7.75,5.75],"texture":"#0"},"up":{"uv":[5.75,5.25,5.75,3.25],"texture":"#0"},"down":{"uv":[5.75,3.25,5.75,5.25],"texture":"#0"}}},{"from":[16.25,5.25,-0.25],"to":[16.25,9.25,16.25],"rotation":{"angle":0,"axis":"y","origin":[8,6.25,8]},"faces":{"north":{"uv":[5.75,4.75,5.75,5.25],"texture":"#0"},"east":{"uv":[3.75,4.75,5.75,5.25],"texture":"#0"},"south":{"uv":[7.75,4.75,7.75,5.25],"texture":"#0"},"west":{"uv":[5.75,4.75,7.75,5.25],"texture":"#0"},"up":{"uv":[5.75,4.75,5.75,2.75],"texture":"#0"},"down":{"uv":[5.75,2.75,5.75,4.75],"texture":"#0"}}},{"from":[-0.25,5.25,16.25],"to":[16.25,9.25,16.25],"rotation":{"angle":0,"axis":"y","origin":[8,6.25,8]},"faces":{"north":{"uv":[5,5.75,7,6.25],"texture":"#0"},"east":{"uv":[5,5.75,5,6.25],"texture":"#0"},"south":{"uv":[7,5.75,9,6.25],"texture":"#0"},"west":{"uv":[7,5.75,7,6.25],"texture":"#0"},"up":{"uv":[7,5.75,5,5.75],"texture":"#0"},"down":{"uv":[9,5.75,7,5.75],"texture":"#0"}}}],"gui_light":"front","display":{"thirdperson_righthand":{"translation":[0,4,-3.25],"scale":[0.8,0.8,0.8]},"thirdperson_lefthand":{"translation":[0,4,-3.25],"scale":[0.8,0.8,0.8]},"firstperson_righthand":{"rotation":[12,0,0],"translation":[1.25,2,0]},"firstperson_lefthand":{"rotation":[12,0,0],"translation":[1.25,2,0]},"ground":{"translation":[0,2,0],"scale":[0.5,0.5,0.5]},"gui":{"rotation":[19,-134,0],"translation":[0,0.5,0],"scale":[0.64,0.63,0.63]},"head":{"translation":[0,14.5,0],"scale":[1.6,1.6,1.6]},"fixed":{"rotation":[-90,0,0],"translation":[0,0,-16],"scale":[2,2,2]}},"groups":[{"name":"mushroom_hat","origin":[8,11.25,8],"color":0,"children":[0,1,{"name":"leaf","origin":[8,6.25,8],"color":0,"children":[2,3,4,5,6]}]}],"mcmodels":"927de46ea2ff7b69f54bebab4c22faf2"}