{"credit":"Made with Blockbench","texture_size":[64,64],"textures":{"0":"minewave:item/cosmetics/fall_hats/owl_hat_texture","particle":"minewave:item/cosmetics/fall_hats/owl_hat_texture"},"elements":[{"from":[2,0,2],"to":[14,3,14],"rotation":{"angle":0,"axis":"y","origin":[3,1,3]},"faces":{"north":{"uv":[3,3,6,3.75],"texture":"#0"},"east":{"uv":[0,3,3,3.75],"texture":"#0"},"south":{"uv":[9,3,12,3.75],"texture":"#0"},"west":{"uv":[6,3,9,3.75],"texture":"#0"},"up":{"uv":[6,3,3,0],"texture":"#0"},"down":{"uv":[9,0,6,3],"texture":"#0"}}},{"from":[3,3,3],"to":[13,8,13],"rotation":{"angle":0,"axis":"y","origin":[3,3,3]},"faces":{"north":{"uv":[2.5,6.25,5,7.5],"texture":"#0"},"east":{"uv":[0,6.25,2.5,7.5],"texture":"#0"},"south":{"uv":[7.5,6.25,10,7.5],"texture":"#0"},"west":{"uv":[5,6.25,7.5,7.5],"texture":"#0"},"up":{"uv":[5,6.25,2.5,3.75],"texture":"#0"},"down":{"uv":[7.5,3.75,5,6.25],"texture":"#0"}}},{"from":[1,6,2.85],"to":[15,12,2.85],"rotation":{"angle":0,"axis":"y","origin":[3,3,2.85]},"faces":{"north":{"uv":[0,7.5,3.5,9],"texture":"#0"},"east":{"uv":[0,7.5,0,9],"texture":"#0"},"south":{"uv":[3.5,7.5,7,9],"texture":"#0"},"west":{"uv":[3.5,7.5,3.5,9],"texture":"#0"},"up":{"uv":[3.5,7.5,0,7.5],"texture":"#0"},"down":{"uv":[7,7.5,3.5,7.5],"texture":"#0"}}},{"from":[7,3,1],"to":[9,5,3],"rotation":{"angle":0,"axis":"y","origin":[3,3,-7]},"faces":{"north":{"uv":[0.5,0.5,1,1],"texture":"#0"},"east":{"uv":[0,0.5,0.5,1],"texture":"#0"},"south":{"uv":[1.5,0.5,2,1],"texture":"#0"},"west":{"uv":[1,0.5,1.5,1],"texture":"#0"},"up":{"uv":[1,0.5,0.5,0],"texture":"#0"},"down":{"uv":[1.5,0,1,0.5],"texture":"#0"}}},{"from":[7,2,1],"to":[9,3,2],"rotation":{"angle":0,"axis":"y","origin":[3,1,-7]},"faces":{"north":{"uv":[0.25,1.25,0.75,1.5],"texture":"#0"},"east":{"uv":[0,1.25,0.25,1.5],"texture":"#0"},"south":{"uv":[1,1.25,1.5,1.5],"texture":"#0"},"west":{"uv":[0.75,1.25,1,1.5],"texture":"#0"},"up":{"uv":[0.75,1.25,0.25,1],"texture":"#0"},"down":{"uv":[1.25,1,0.75,1.25],"texture":"#0"}}}],"gui_light":"front","display":{"thirdperson_righthand":{"translation":[0,3.25,-3],"scale":[0.8,0.8,0.8]},"thirdperson_lefthand":{"translation":[0,3.25,-3],"scale":[0.8,0.8,0.8]},"firstperson_righthand":{"rotation":[12,0,0],"translation":[1.25,2,0]},"firstperson_lefthand":{"rotation":[12,0,0],"translation":[1.25,2,0]},"ground":{"translation":[0,2,0],"scale":[0.5,0.5,0.5]},"gui":{"rotation":[19,162,0],"translation":[0,3,0],"scale":[0.82,0.82,0.82]},"head":{"translation":[0,14.25,0],"scale":[1.6,1.6,1.6]},"fixed":{"rotation":[-90,0,0],"translation":[0,0,-16],"scale":[2,2,2]}},"groups":[{"name":"owl_hat","origin":[3,5,-7],"color":0,"children":[0,1,2,3,4]}],"mcmodels":"927de46ea2ff7b69f54bebab4c22faf2"}