{"credit":"Made with Blockbench","texture_size":[64,64],"textures":{"0":"minewave:item/cosmetics/fall_hats/pumpkin_hat_texture","particle":"minewave:item/cosmetics/fall_hats/pumpkin_hat_texture"},"elements":[{"from":[2,0,2],"to":[14,6,14],"rotation":{"angle":0,"axis":"y","origin":[3,0,3]},"faces":{"north":{"uv":[3,3,6,4.5],"texture":"#0"},"east":{"uv":[0,3,3,4.5],"texture":"#0"},"south":{"uv":[9,3,12,4.5],"texture":"#0"},"west":{"uv":[6,3,9,4.5],"texture":"#0"},"up":{"uv":[6,3,3,0],"texture":"#0"},"down":{"uv":[9,0,6,3],"texture":"#0"}}},{"from":[4,6,4],"to":[12,9,12],"rotation":{"angle":0,"axis":"y","origin":[3,6,3]},"faces":{"north":{"uv":[2,6.5,4,7.25],"texture":"#0"},"east":{"uv":[0,6.5,2,7.25],"texture":"#0"},"south":{"uv":[6,6.5,8,7.25],"texture":"#0"},"west":{"uv":[4,6.5,6,7.25],"texture":"#0"},"up":{"uv":[4,6.5,2,4.5],"texture":"#0"},"down":{"uv":[6,4.5,4,6.5],"texture":"#0"}}},{"from":[7,8,7],"to":[9,14,9],"rotation":{"angle":22.5,"axis":"x","origin":[8,9,8]},"faces":{"north":{"uv":[0.5,0.5,1,2],"texture":"#0"},"east":{"uv":[0,0.5,0.5,2],"texture":"#0"},"south":{"uv":[1.5,0.5,2,2],"texture":"#0"},"west":{"uv":[1,0.5,1.5,2],"texture":"#0"},"up":{"uv":[1,0.5,0.5,0],"texture":"#0"},"down":{"uv":[1.5,0,1,0.5],"texture":"#0"}}},{"from":[8.92426,9.38176,5],"to":[12.92426,9.38176,11],"rotation":{"angle":22.5,"axis":"z","origin":[9.92426,9.38176,8]},"faces":{"north":{"uv":[8,6,9,6],"texture":"#0"},"east":{"uv":[6.5,6,8,6],"texture":"#0"},"south":{"uv":[10.5,6,11.5,6],"texture":"#0"},"west":{"uv":[9,6,10.5,6],"texture":"#0"},"up":{"uv":[9,6,8,4.5],"texture":"#0"},"down":{"uv":[10,4.5,9,6],"texture":"#0"}}},{"from":[3.07574,9.38176,5],"to":[7.07574,9.38176,11],"rotation":{"angle":-22.5,"axis":"z","origin":[6.07574,9.38176,8]},"faces":{"north":{"uv":[6,6,7,6],"texture":"#0"},"east":{"uv":[4.5,6,6,6],"texture":"#0"},"south":{"uv":[8.5,6,9.5,6],"texture":"#0"},"west":{"uv":[7,6,8.5,6],"texture":"#0"},"up":{"uv":[7,6,6,4.5],"texture":"#0"},"down":{"uv":[8,4.5,7,6],"texture":"#0"}}},{"from":[7,12,9],"to":[9,14,11],"rotation":{"angle":22.5,"axis":"x","origin":[6,9,8]},"faces":{"north":{"uv":[0.5,2.5,1,3],"texture":"#0"},"east":{"uv":[0,2.5,0.5,3],"texture":"#0"},"south":{"uv":[1.5,2.5,2,3],"texture":"#0"},"west":{"uv":[1,2.5,1.5,3],"texture":"#0"},"up":{"uv":[1,2.5,0.5,2],"texture":"#0"},"down":{"uv":[1.5,2,1,2.5],"texture":"#0"}}}],"gui_light":"front","display":{"thirdperson_righthand":{"translation":[0,2,-3],"scale":[0.8,0.8,0.8]},"thirdperson_lefthand":{"translation":[0,2,-3],"scale":[0.8,0.8,0.8]},"firstperson_righthand":{"rotation":[12,0,0],"translation":[1.25,2,0]},"firstperson_lefthand":{"rotation":[12,0,0],"translation":[1.25,2,0]},"ground":{"translation":[0,2,0],"scale":[0.5,0.5,0.5]},"gui":{"rotation":[19,157,0],"translation":[0,1.25,0],"scale":[0.79,0.79,0.79]},"head":{"translation":[0,14.5,0],"scale":[1.6,1.6,1.6]},"fixed":{"rotation":[-90,0,0],"translation":[0,0,-16],"scale":[2,2,2]}},"groups":[{"name":"pumpkin_hat","origin":[6,14,8],"color":0,"children":[0,1,2,3,4,5]}],"mcmodels":"927de46ea2ff7b69f54bebab4c22faf2"}